Brand,Name,Size,Price,Availible,Page,Link
Chrome Hearts,Christmas CH Matty Boy Set Hoodie & Pants,Size: S/M (30-34),"$1,000.00",True,1.0,https://ypcollective.com/products/ch-matty-boy-christmas-hoodie
Chrome Hearts,22k Pink Sapphire CH Tiny Plus Bracelet,N/A,N/A,True,1.0,https://ypcollective.com/products/ch-tiny-plus-gold-pink-sapphire-bracelet
Chrome Hearts,1/1 Multi Color Cross Patch Pillow,N/A,"$14,000.00",True,1.0,https://ypcollective.com/products/multi-color-cross-patch-pillow
Chrome Hearts,CH Leather Dog Doll,N/A,"$4,600.00",True,1.0,https://ypcollective.com/products/ch-dog-doll-plush-toy
Chrome Hearts,Multi Color Cross Patch Mini Taka,N/A,"$19,200.00",True,1.0,https://ypcollective.com/products/multi-color-cross-patch-taka-bag
Chrome Hearts,Star Patch Cashmere Balaclava Mask,N/A,"$5,000.00",True,1.0,https://ypcollective.com/products/mask
Chrome Hearts,Matty Boy Chomper 99eyes Flame Pin,N/A,$160.00,True,1.0,https://ypcollective.com/products/matty-boy-stay-fast-pin-copy
Chrome Hearts,CH Mikimoto Pearl CH Plus Earrings Set,N/A,N/A,True,1.0,https://ypcollective.com/products/ch-x-mikimoto-white-gold-pearl-earrings
Chrome Hearts,Matty Boy Sex Records Car Pin,N/A,$150.00,True,1.0,https://ypcollective.com/products/matty-boy-sex-records-buick-pin-copy
Chrome Hearts,Matty Boy Sex Records Pin,N/A,$180.00,True,1.0,https://ypcollective.com/products/sex-records-pin-copy
Chrome Hearts,Black Teddy Bear Plush W/ Dagger Necklace,N/A,"$2,950.00",True,1.0,https://ypcollective.com/products/black-teddy-bear-w-dagger-necklace
Chrome Hearts,Cutout Plus Wallet Chain,N/A,"$6,450.00",True,1.0,https://ypcollective.com/products/cutout-plus-wallet-chain-2
Chrome Hearts,St. Barth Exclusive Pullover Hoodie,Size: L / XL,"$1,280.00",True,1.0,https://ypcollective.com/products/st-barth-exclusive-pullover-hoodie
Chrome Hearts,Red Cross Patch Cemetery Belt,N/A,N/A,True,1.0,https://ypcollective.com/products/red-cross-patch-cemetery-belt
Chrome Hearts,Cashmere 'Hit & Run' Zebra Cross Patch Cardigan,Size: M,"$4,500.00",True,1.0,https://ypcollective.com/products/cashmere-hit-run-zebra-cross-patch-cardigan
Chrome Hearts,Beast III Ebony Wood Sunglasses,N/A,"$2,280.00",True,1.0,https://ypcollective.com/products/beast-iii-sunglasses
Chrome Hearts,Braided Leather Belt Strap,N/A,N/A,True,1.0,https://ypcollective.com/products/black-belt
Chrome Hearts,RS3 Triple Cross Denim Hat,Size: OS,$525.00,True,1.0,https://ypcollective.com/products/rs3-triple-cross-baseball-cap
Chrome Hearts,CH Mikimoto Pearl Baby Fat Charm Bracelet,N/A,N/A,True,1.0,https://ypcollective.com/products/ch-x-mikimoto-white-gold-pearl-bracelet
Chrome Hearts,Floral Square Buckle Belt,Size: 36,"$1,495.00",True,1.0,https://ypcollective.com/products/leather-scroll-buckle-belt
Chrome Hearts,CH Trydixagain Titanium Glasses,N/A,"$1,400.00",True,1.0,https://ypcollective.com/products/ch-trydixagain-red-frame-glasses-copy
Chrome Hearts,CH Gittin' Any? Glasses,N/A,N/A,True,1.0,https://ypcollective.com/products/ch-gold-gittin-any-copy
Chrome Hearts,CH Plus Windbreaker Jacket 'Match Point',N/A,N/A,True,1.0,https://ypcollective.com/products/match-point-monogram-windbreaker-jacket-copy
Chrome Hearts,Sex Records Cross Patch Carhartt Double Knee Carpenter Pants,N/A,N/A,True,1.0,https://ypcollective.com/products/sex-records-cross-patch-carhartt-carpenter-jeans-1
Chrome Hearts,CH Shearling Bear Home Plush Toy 'Unstuffer',N/A,"$1,995.00",True,2.0,https://ypcollective.com/products/bear
Chrome Hearts,Black Miami Exclusive Hoodie,Size: L,"$1,000.00",True,2.0,https://ypcollective.com/products/black-miami-exclusive-hoodie
Chrome Hearts,Pink Sapphire Tiny E Bracelet,"Size: 7"" / 11 Links","$4,500.00",True,2.0,https://ypcollective.com/products/silver-pink-sapphire-tiny-e-bracelet
Chrome Hearts,CH Scroll Display Plaque,"Size: 7.5""",$750.00,True,2.0,https://ypcollective.com/products/ch-scroll-display-plaque
Chrome Hearts,Multi Color Cross Patch Belt,Size: 38,"$9,995.00",True,2.0,https://ypcollective.com/products/multi-color-cross-patch-belt
Chrome Hearts,Black Leather Belt Strap,N/A,N/A,True,2.0,https://ypcollective.com/products/black-leather-belt-strap-4
Chrome Hearts,CH Hand Painted Ceramic Plates,N/A,$895.00,True,2.0,https://ypcollective.com/products/ch-ceramic-plates
Chrome Hearts,Green Cross Patch Zebra Mini Taka Bag,N/A,"$7,000.00",True,2.0,https://ypcollective.com/products/ch-pony-hair-taka-bag
Chrome Hearts,Matty Boy Chomper Lips Beanie,N/A,$400.00,True,2.0,https://ypcollective.com/products/ch-black-chomper-matty-boy-beanie
Chrome Hearts,Green Matty Boy Spec Beanie,N/A,N/A,True,2.0,https://ypcollective.com/products/wool-ch-plus-logo-beanie-1
Chrome Hearts,Black Leather Belt Strap,N/A,N/A,True,2.0,https://ypcollective.com/products/black-leather-belt-strap-3
Chrome Hearts,Cemetery Cross Black Belt,N/A,N/A,True,2.0,https://ypcollective.com/products/cemetery-cross-black-belt
Chrome Hearts,CH Buckle Black Belt,Size: 36,"$3,700.00",True,2.0,https://ypcollective.com/products/ch-buckle-black-belt
Chrome Hearts,Black Leather Gunslinger Belt,N/A,N/A,True,2.0,https://ypcollective.com/products/gunslinger-belt
Chrome Hearts,Multi Color Cross Patch Belt Cemetery Cross Buckle,N/A,N/A,True,2.0,https://ypcollective.com/products/ch-multi-color-cross-patch-belt-w-cemetery-cross-buckle
Chrome Hearts,Ruby Tiny E Bracelet,"Size: 7.5"" / 12 Links","$5,400.00",True,2.0,https://ypcollective.com/products/silver-ruby-tiny-e-bracelet
Chrome Hearts,CH Tiny Plus Silver Bracelet,"Size: 8.25"" / 20 Links","$2,950.00",True,2.0,https://ypcollective.com/products/ch-tiny-plus-silver-bracelet
Chrome Hearts,Blue Sapphire CH Tiny Plus Bracelet,"Size: 7.25""-7.5""/18 Links","$8,500.00",True,2.0,https://ypcollective.com/products/ch-tiny-plus-silver-blue-sapphire-bracelet
Chrome Hearts,22k Gold Emerald Tiny E Bracelet,"Size: 7.5"" / 12 Links","$14,500.00",True,2.0,https://ypcollective.com/products/gold-emerald-tiny-e-bracelet
Chrome Hearts,Wool CH Plus Logo Beanie,N/A,N/A,True,2.0,https://ypcollective.com/products/wool-ch-plus-logo-beanie
Chrome Hearts,CH Dice Crossball Bracelet,"Size: 8.25"" / 9 Links","$3,150.00",True,2.0,https://ypcollective.com/products/dice-bracelet-1
Chrome Hearts,Paper Chain Dice Keychain,N/A,N/A,True,2.0,https://ypcollective.com/products/dice-paperchain-keychain-2
Chrome Hearts,CH Quilted Flannel Jacket - 'WORK'N',N/A,N/A,True,2.0,https://ypcollective.com/products/ch-quilted-flannel-jacket-workn
Chrome Hearts,Rolling Stones Zip Hoodie,N/A,N/A,True,2.0,https://ypcollective.com/products/rolling-stones-las-vegas-exclusive-zip-hoodie
Chrome Hearts,22k Gold Ruby Tiny E Bracelet,N/A,N/A,True,3.0,https://ypcollective.com/products/gold-ruby-tiny-e-bracelet
Chrome Hearts,Pink Sapphire Baby Spoon Filigree,N/A,"$2,600.00",True,3.0,https://ypcollective.com/products/ch-silver-pink-sapphire-spoon
Chrome Hearts,CH Plus Stiff V2 Puffer Jacket,Size: XL,"$6,000.00",True,3.0,https://ypcollective.com/products/monogram-plus-stiff-v2-puffer-jacket
Chrome Hearts,CH Ebony Wood Saw,N/A,"$3,000.00",True,3.0,https://ypcollective.com/products/ch-wooden-saw
Chrome Hearts,CH Silver Safety Pin,N/A,$600.00,True,3.0,https://ypcollective.com/products/ch-silver-pin
Chrome Hearts,Matty Boy 99 Eyes Chomper Checker Socks,N/A,From $150.00,True,3.0,https://ypcollective.com/products/ch-socks
Chrome Hearts,'FUCK YOU' CH Striped Socks,N/A,From $150.00,True,3.0,https://ypcollective.com/products/ch-striped-sock-3-pack
Chrome Hearts,Christmas CH Matty Boy Set Hoodie & Pants,Size: S/M (30-34),"$1,000.00",True,3.0,https://ypcollective.com/products/ch-matty-boy-christmas-pajamas
Chrome Hearts,Art Basel Miami Exclusive T-Shirt,Size: L,From $600.00,True,3.0,https://ypcollective.com/products/ch-art-basel-miami-t-shirt
Chrome Hearts,CH Neck Logo LS T-Shirt,Size: M,From $550.00,True,3.0,https://ypcollective.com/products/ch-neck-logo-ls-t-shirt
Chrome Hearts,CH Horseshoe Floral LS T-Shirt,N/A,N/A,True,3.0,https://ypcollective.com/products/ch-horseshoe-floral-ls-t-shirt
Chrome Hearts,'STAFF' CH Horseshoe Pocket LS T-Shirt,Size: S,$380.00,True,3.0,https://ypcollective.com/products/staff-ch-horseshoe-pocket-ls-t-shirt-1
Chrome Hearts,'STAFF' CH Horseshoe LS T-Shirt,Size: S,$395.00,True,3.0,https://ypcollective.com/products/staff-ch-horseshoe-pocket-ls-t-shirt
Chrome Hearts,Lamb Leather Puffer Vest,Size: S,"$5,000.00",True,3.0,https://ypcollective.com/products/ch-black-leather-puffer-vest
Chrome Hearts,"Cemetery Cross Buckle - 1.5""",N/A,N/A,True,3.0,https://ypcollective.com/products/cemetery-cross-buckle-1-6
Chrome Hearts,CH Multi Color Cross Patch Belt w/ CH Buckle,Size: 38,"$12,950.00",True,3.0,https://ypcollective.com/products/ch-multi-color-cross-patch-belt-w-ch-buckle
Chrome Hearts,Red Cross Patch Cemetery Belt,N/A,N/A,True,3.0,https://ypcollective.com/products/red-cross-patch-cemetery-belt-1
Chrome Hearts,Cemetery Cross Red Belt,N/A,N/A,True,3.0,https://ypcollective.com/products/cemetery-cross-red-belt
Chrome Hearts,Blue Cemetery Cross Belt,N/A,N/A,True,3.0,https://ypcollective.com/products/blue-cemetery-cross-belt-1
Chrome Hearts,Camo Cross Patch Wave Zipper Wallet,N/A,N/A,True,3.0,https://ypcollective.com/products/camo-cross-patch-wave-zipper-wallet
Chrome Hearts,Star Patch Selvedge Denim,Size: 32,"$5,500.00",True,3.0,https://ypcollective.com/products/star-patch-cross-patch-denim-1
Chrome Hearts,Cross Patch Henley Button Up Shirt,Size: S,$780.00,True,3.0,https://ypcollective.com/products/grey-henley-button-up-shirt
Chrome Hearts,CH Quilted Flannel Jacket - 'WORK'N',N/A,N/A,True,3.0,https://ypcollective.com/products/flannel
Chrome Hearts,CH Baseball Cross Patch Hat,N/A,N/A,True,3.0,https://ypcollective.com/products/ch-baseball-cross-patch-hat-1
Chrome Hearts,CH Baseball Cross Patch Hat,N/A,N/A,True,4.0,https://ypcollective.com/products/ch-baseball-cross-patch-hat-copy
Chrome Hearts,CH Baseball Cross Patch Hat,N/A,N/A,True,4.0,https://ypcollective.com/products/ch-baseball-cross-patch-hat
Chrome Hearts,NYC Exclusive CH Trucker Hat,N/A,N/A,True,4.0,https://ypcollective.com/products/ch-new-york-exclusive-black-trucker-hat
Chrome Hearts,Sex Records Cross Patch Shorts,N/A,N/A,True,4.0,https://ypcollective.com/products/sex-records-cross-patch-shorts-1
Chrome Hearts,Silver Lace Locks,N/A,$795.00,True,4.0,https://ypcollective.com/products/ch-shoelace-plates-locks
Chrome Hearts,Vertical Logo Denim Hat,Size: OS,$525.00,True,4.0,https://ypcollective.com/products/vertical-logo-denim-hat
Chrome Hearts,Cashmere Cross Patch Hoodie,Size: M,"$4,200.00",True,4.0,https://ypcollective.com/products/cashmere-cross-patch-hoodie
Chrome Hearts,Blue Cross Patch Levi's Jeans,N/A,N/A,True,4.0,https://ypcollective.com/products/blue-wash-cross-patch-levis-jeans
Chrome Hearts,Levi's Stencil Cross Patch Jeans,N/A,N/A,True,4.0,https://ypcollective.com/products/blue-stencil-cross-patch-denim
Chrome Hearts,Multi Color Cross Patch Converse Chuck Taylor,N/A,N/A,True,4.0,https://ypcollective.com/products/ch-multi-color-cross-patch-converse
Chrome Hearts,Cross Patch Converse Chuck Taylor,N/A,N/A,True,4.0,https://ypcollective.com/products/cross-patch-converse-shoes
Chrome Hearts,Vine Dagger Embroidered Denim Hat,Size: OS,$460.00,True,4.0,https://ypcollective.com/products/black-dagger-trucker-hat
Chrome Hearts,Dagger Stud Vintage Leather Belt,N/A,N/A,True,4.0,https://ypcollective.com/products/black-leather-dagger-belt
Chrome Hearts,Pink Gunslinger Belt,N/A,N/A,True,4.0,https://ypcollective.com/products/pink-gunslinger-belt
Chrome Hearts,White Leather Cemetery Cross Patch Backpack,N/A,N/A,True,4.0,https://ypcollective.com/products/white-cemetery-cross-backpack
Chrome Hearts,Cross Patch Double Knee Carpenter Pants,N/A,N/A,True,4.0,https://ypcollective.com/products/brown-cross-patch-denim-chinos
Chrome Hearts,Stencil Cross Patch Levi's Jeans,N/A,N/A,True,4.0,https://ypcollective.com/products/stencil-cross-patch-denim-jeans
Chrome Hearts,Sex Records Green Cross Patch Levi's Jeans,N/A,N/A,True,4.0,https://ypcollective.com/products/green-cross-patch-denim-jeans
Chrome Hearts,Blue Denim Cross Patch Levi's Jeans,N/A,N/A,True,4.0,https://ypcollective.com/products/1-1-blue-denim-cross-patch-jeans
Chrome Hearts,Cow Fur Triple Cross Boston Duffle Bag,N/A,"$9,000.00",True,4.0,https://ypcollective.com/products/cow-leather-paris-exclusive-duffle-bag
Chrome Hearts,Multi Color Cross Patch Duffle Bag Large (S),N/A,"$30,000.00",True,4.0,https://ypcollective.com/products/1-1-multi-color-cross-patch-large-duffle-bag
Chrome Hearts,CH Plus Cross Buckle Red Belt,N/A,N/A,True,4.0,https://ypcollective.com/products/ch-buckle-red-belt
Chrome Hearts,CH Shoelace Plates / Locks,N/A,N/A,True,4.0,https://ypcollective.com/products/lace-locks
Chrome Hearts,8mm Howlite Beaded SIlver Cross Bracelet,N/A,N/A,True,4.0,https://ypcollective.com/products/howlite-beaded-silver-cross-bracelet
Chrome Hearts,CH Buckle Black Belt,Size: 36,"$3,850.00",True,5.0,https://ypcollective.com/products/large-oval-cross-black-belt-copy
Chrome Hearts,CH Plus Cross Buckle White Belt,N/A,N/A,True,5.0,https://ypcollective.com/products/white-leather-belt-strap-1
Chrome Hearts,Large Oval Cross Black Belt,N/A,N/A,True,5.0,https://ypcollective.com/products/oval-cross-black-leather-belt
Chrome Hearts,CH Plus Cross Buckle Black Belt,Size: 36,"$3,000.00",True,5.0,https://ypcollective.com/products/black-leather-belt-strap-copy
Chrome Hearts,CH Plus Cabinet Key Hole Cover .925 Silver,"Size: Key Cover, Full Set","From $1,500.00",True,5.0,https://ypcollective.com/products/furniture-cabinet-drawer-set
Chrome Hearts,Cutout Plus Cabinet Pull .925 Silver,"Size: Cabinet Pull, Full Set","From $1,000.00",True,5.0,https://ypcollective.com/products/plus-cabinet-key-hole-cover
Chrome Hearts,CH Plus Scroll Drawer Pull,"Size: Drawer Pull, Full Set","From $1,000.00",True,5.0,https://ypcollective.com/products/plus-scroll-drawer-pull
Chrome Hearts,CH Plus Cross Buckle Blue Belt,Size: 38,"$4,850.00",True,5.0,https://ypcollective.com/products/square-plus-cross
Chrome Hearts,Long Fancy Link Bracelet,N/A,N/A,True,5.0,https://ypcollective.com/products/fancy-link-bracelet-1
Chrome Hearts,Black Leather Belt Strap,Size: 36,$950.00,True,5.0,https://ypcollective.com/products/black-leather-belt-strap-2
Chrome Hearts,1/1 Multi Motif Logo Bracelet Fleur Lobster Clasp,"Size: 9.5""","$3,760.00",True,5.0,https://ypcollective.com/products/multi-logo-bracelet-plus-link-fleur-clasp
Chrome Hearts,Large Oval Cross Buckle Red Cross Patch Destroyer Belt,N/A,N/A,True,5.0,https://ypcollective.com/products/oval-cross-buckle-red-cross-patch-destroyer-belt
Chrome Hearts,Large Oval Cross Buckle Black Cross Patch Cemetery Belt,N/A,N/A,True,5.0,https://ypcollective.com/products/black-cross-patch-oval-belt-strap
Chrome Hearts,CH Buckle Red Cross Patch Destroyer Belt,Size: 32,"$9,500.00",True,5.0,https://ypcollective.com/products/red-cross-patch
Chrome Hearts,CH Buckle White Belt,N/A,N/A,True,5.0,https://ypcollective.com/products/ch-white-belt
Chrome Hearts,CH Buckle Blue Belt,N/A,N/A,True,5.0,https://ypcollective.com/products/blue-ch-belt
Chrome Hearts,Large Oval Cross White Belt,N/A,N/A,True,5.0,https://ypcollective.com/products/oval-cross-white-belt-copy
Chrome Hearts,Large Oval Cross Buckle Red Belt,Size: Red,"$5,000.00",True,5.0,https://ypcollective.com/products/oval-cross-buckle-red-belt
Chrome Hearts,Large Oval Cross Buckle Blue Belt,N/A,N/A,True,5.0,https://ypcollective.com/products/blue-oval-cross-belt
Chrome Hearts,1/1 Sex Records x Matty Boy x Nike Dunk Low,Size: 12,"$14,000.00",True,5.0,https://ypcollective.com/products/chrome-hearts-sex-records-matty-boy-nike-dunk
Chrome Hearts,Square Plus Cross Red Cross Patch Destroyer Belt,Size: 32,"$9,200.00",True,5.0,https://ypcollective.com/products/square-plus-cross-red-cross-patch-strap
Chrome Hearts,CH Buckle Cross Patch Belt,N/A,N/A,True,5.0,https://ypcollective.com/products/ch-belt-destroyer-cross-patch-strap
Chrome Hearts,CH Buckle Red Belt,N/A,N/A,True,5.0,https://ypcollective.com/products/ch-belt-red
Chrome Hearts,CH Horseshoe Floral Sleeve Pullover Hoodie,Size: L,$995.00,True,5.0,https://ypcollective.com/products/horseshoe-pullover-hoodie
Chrome Hearts, Cross Patched Chinos Brown,29,"$6,498",True,1.0,https://topdrwr.io/product/chrome-hearts-cross-patched-chinos29
Chrome Hearts, Cashmere Zip-Up Hoodie,Men's US XL,"$1,560",True,1.0,https://topdrwr.io/product/chrome-hearts-cashmere-zip-up-hoodie-mens-us-xl
Chrome Hearts, Leopard Belt,L,"$4,010",True,1.0,https://topdrwr.io/product/chrome-hearts-leopard-belt
Chrome Hearts, Acid Green Yellow Neon Neck Logo Black...,M,$360,True,1.0,https://topdrwr.io/product/chrome-hearts-acid-green-yellow-neon-neck-logo-black-t-shirt-l
Chrome Hearts, Bella Hadid Horseshoe Black T-Shirt Bl...,M,$390,True,1.0,https://topdrwr.io/product/chrome-hearts-bella-hadid-horseshoe-black-t-shirt-m
Chrome Hearts, Red neck logo horseshoe black tee Blac...,L,$510,True,1.0,https://topdrwr.io/product/chrome-hearts-red-neck-logo-horseshoe-black-tee-m
Chrome Hearts, Psych purple neck logo black tee Black,L,$360,True,1.0,https://topdrwr.io/product/chrome-hearts-psych-purple-neck-logo-black-tee-l
Chrome Hearts, Yellow Cross Made In Hollywood Black T...,XL,$360,True,1.0,https://topdrwr.io/product/chrome-hearts-yellow-cross-made-in-hollywood-black-tee-l
Chrome Hearts, Gradient dagger horseshoe white gradie...,M,$560,True,1.0,https://topdrwr.io/product/chrome-hearts-gradient-dagger-horseshoe-white-gradient-tee-xl
Chrome Hearts, New York Horseshoe White Tee Shirt Whi...,L,$410,True,1.0,https://topdrwr.io/product/chrome-hearts-new-york-horseshoe-white-tee-shirt-m
Chrome Hearts, Matty boy sadistic lipstick sick heart...,Men's US L,$460,True,1.0,https://topdrwr.io/product/chrome-hearts-matty-boy-sadistic-lipstick-sick-heart-tee-l
Chrome Hearts, Vine Dagger Hoodie Orange/Black Orange,Men's US 32,$959,True,1.0,https://topdrwr.io/product/chrome-hearts-vine-dagger-hoodie-orangeblack-mens-us-l
Chrome Hearts, x Levi's Leopard Star Patch Vintage Je...,XL,"$5,208",True,1.0,https://topdrwr.io/product/chrome-hearts-x-levis-leopard-star-patch-vintage-jeans-mens-us-32
Chrome Hearts, Silver Pencil Sharpener,Men's US M,"$1,710",True,1.0,https://topdrwr.io/product/chrome-hearts-silver-pencil-sharpener
Chrome Hearts, Matty Boy Build Thermal Orange,Men's US M,$540,True,1.0,https://topdrwr.io/product/chrome-hearts-matty-boy-build-thermal-xl
Chrome Hearts, Cross Pattern Stiff 2 Green Puffer Jac...,Men's US XL,"$6,950",True,1.0,https://topdrwr.io/product/chrome-hearts-cross-pattern-stiff-2-green-puffer-jacket-mens-us-m
Chrome Hearts, Star Print Baseball Tee White,Men's US M,$620,True,1.0,https://topdrwr.io/product/chrome-hearts-star-print-baseball-tee-mens-us-m
Chrome Hearts, × Comme des Garcons Short Sleeve T-Shi...,Men's US 30,$480,True,1.0,https://topdrwr.io/product/chrome-hearts-comme-des-garcons-short-sleeve-t-shirt-mens-us-xl
Chrome Hearts, Miami Music Week Exclusive Neon Green ...,Men's US 28,"$1,100",True,1.0,https://topdrwr.io/product/chrome-hearts-miami-music-week-exclusive-neon-green-hoodie-mens-us-m
Chrome Hearts, 99 Eyes Silver Baseball Bat,Men's US 11,"$49,960",True,1.0,https://topdrwr.io/product/chrome-hearts-99-eyes-silver-baseball-bat
Chrome Hearts, Silver Bicycle,Men's US 11,"$99,960",True,1.0,https://topdrwr.io/product/chrome-hearts-silver-bicycle
Chrome Hearts, Custom Denim Jeans with 4 Patches,Men's US 11,"$4,044",True,1.0,https://topdrwr.io/product/chrome-hearts-custom-denim-jeans-with-4-patches-mens-us-30
Chrome Hearts, Leather Double Knee Shorts,Men's US 10.5,"$4,280",True,1.0,https://topdrwr.io/product/chrome-hearts-leather-double-knee-shorts-mens-us-28
Chrome Hearts,Bape ×  Orange and Green Rare Sneakers,Men's US M,"$2,960",True,1.0,https://topdrwr.io/product/bape-chrome-hearts-orange-and-green-rare-sneakers-11
Chrome Hearts,Bape ×  2006 Purple Grey White Low Top ...,Men's US M,"$2,960",True,1.0,https://topdrwr.io/product/bape-chrome-hearts-2006-purple-grey-white-low-top-sneakers-11
Chrome Hearts,Bape Sta x  x Kaws 2006 Pink/Yellow Ste...,Men's US L,"$2,960",True,1.0,https://topdrwr.io/product/bape-sta-x-chrome-hearts-x-kaws-2006-pinkyellow-sterling-sneakers-11
Chrome Hearts,"Bape Sta x  2006 Red, White and Blue Sn...",Men's US M,"$2,960",True,1.0,https://topdrwr.io/product/bape-sta-x-chrome-hearts-2006-red-white-and-blue-sneakers-105
Chrome Hearts, Triple Cross Embroidered Cashmere Zip-...,Men's US L,"$4,460",True,1.0,https://topdrwr.io/product/chrome-hearts-triple-cross-embroidered-cashmere-zip-up-hoodie-mens-us-m
Chrome Hearts, Triple Cross Embroidery Cashmere Hoodi...,Men's US 38,"$4,660",True,1.0,https://topdrwr.io/product/chrome-hearts-triple-cross-embroidery-cashmere-hoodie-mens-us-m
Chrome Hearts, Tonal Neck Logo Long Sleeve Shirt,ONE SIZE,$460,True,1.0,https://topdrwr.io/product/chrome-hearts-tonal-neck-logo-long-sleeve-shirt-mens-us-l
Chrome Hearts, Leather Tag Tshirt,S,$260,True,1.0,https://topdrwr.io/product/chrome-hearts-leather-tag-tshirt-mens-us-m
Chrome Hearts, x Matty Boy Horseshoe Lips Hoodie,ONE SIZE,$760,True,1.0,https://topdrwr.io/product/chrome-hearts-x-matty-boy-horseshoe-lips-hoodie-mens-us-l
Chrome Hearts, Black Cemetery Cross Quilted Wallet,ONE SIZE,"$2,210",True,1.0,https://topdrwr.io/product/chrome-hearts-black-cemetery-cross-quilted-wallet
Chrome Hearts, Women's Cemetery Quilted Clutch,ONE SIZE,"$4,460",True,1.0,https://topdrwr.io/product/chrome-hearts-chrome-hearts-womens-cemetery-quilted-clutch
Chrome Hearts, Black Cemetery Cross Backpack,ONE SIZE,"$10,710",True,1.0,https://topdrwr.io/product/chrome-hearts-black-cemetery-cross-backpack
Chrome Hearts, x Rolex Datejust Watch,ONE SIZE,"$29,910",True,1.0,https://topdrwr.io/product/chrome-hearts-x-rolex-datejust-watch
Chrome Hearts, Miami City Jeans,US XL / EU 56 / 4,"$99,960",True,1.0,https://topdrwr.io/product/chrome-hearts-miami-city-jeans-mens-us-38
Chrome Hearts, Mini Crest Ring silver,ONE SIZE,$785,True,1.0,https://topdrwr.io/product/chrome-hearts-mini-crest-ring
Chrome Hearts, Puddles Cemetery Patch Coat Black,ONE SIZE,"$6,198",True,1.0,https://topdrwr.io/product/chrome-hearts-chrome-hearts-puddles-cemetery-patch-coat-s
Chrome Hearts, 25th Anniversary Denim & Leather Tote ...,ONE SIZE,"$2,740",True,1.0,https://topdrwr.io/product/chrome-hearts-25th-anniversary-denim-leather-tote
Chrome Hearts, BS Flare V Band Ring silver,ONE SIZE,"$1,440",True,1.0,https://topdrwr.io/product/chrome-hearts-bs-flare-v-band-ring
Chrome Hearts, Leather Shaving Handbag black,ONE SIZE,"$2,240",True,1.0,https://topdrwr.io/product/chrome-hearts-leather-shaving-handbag
Chrome Hearts, Trifold Nylon Wallet black,ONE SIZE,"$1,190",True,2.0,https://topdrwr.io/product/chrome-hearts-trifold-nylon-wallet
Chrome Hearts, Vine Dagger Charm silver,ONE SIZE,"$1,140",True,2.0,https://topdrwr.io/product/chrome-hearts-vine-dagger-charm
Chrome Hearts, x Matty Boy Chain Game Crewneck yellow,ONE SIZE,$965,True,2.0,https://topdrwr.io/product/chrome-hearts-x-matty-boy-chain-game-crewneck
Chrome Hearts, Camouflage Pattern Leather Shoulder Ba...,ONE SIZE,"$5,748",True,2.0,https://topdrwr.io/product/chrome-hearts-chrome-hearts-camouflage-pattern-leather-shoulder-bag-one-size
Chrome Hearts, Framed Plus Charm silver,M,$585,True,2.0,https://topdrwr.io/product/chrome-hearts-framed-plus-charm
Chrome Hearts, Framed Plus Pendant silver,ONE SIZE,$585,True,2.0,https://topdrwr.io/product/chrome-hearts-framed-plus-pendant
Chrome Hearts, Small Cross Cross Patch Quilted Wallet...,ONE SIZE,"$2,765",True,2.0,https://topdrwr.io/product/chrome-hearts-small-cross-cross-patch-quilted-wallet
Chrome Hearts, Kyosuke Himuro Dagger Dog Tag silver,ONE SIZE,$685,True,2.0,https://topdrwr.io/product/chrome-hearts-kyosuke-himuro-dagger-dog-tag
Chrome Hearts, Suede Pouch pink,ONE SIZE,$985,True,2.0,https://topdrwr.io/product/chrome-hearts-suede-pouch
Chrome Hearts, Scroll Label Cuff silver,ONE SIZE,"$2,190",True,2.0,https://topdrwr.io/product/chrome-hearts-scroll-label-cuff
Chrome Hearts, Dagger Heart Ring silver,ONE SIZE,"$1,190",True,2.0,https://topdrwr.io/product/chrome-hearts-dagger-heart-ring
Chrome Hearts, Eternity Vine Band silver,ONE SIZE,$610,True,2.0,https://topdrwr.io/product/chrome-hearts-eternity-vine-band
Chrome Hearts, Cross Button Leather Jacket Black,ONE SIZE,"$5,498",True,2.0,https://topdrwr.io/product/chrome-hearts-chrome-hearts-cross-button-leather-jacket-m
Chrome Hearts, Large Dog Tag Kyosuke Himuro Collabora...,S,$940,True,2.0,https://topdrwr.io/product/chrome-hearts-large-dog-tag-kyosuke-himuro-collaboration
Chrome Hearts, Quilted Cross Clutch yellow,ONE SIZE,"$2,440",True,2.0,https://topdrwr.io/product/chrome-hearts-quilted-cross-clutch
Chrome Hearts, Dagger Snat Pack Orange,ONE SIZE,"$6,598",True,2.0,https://topdrwr.io/product/chrome-hearts-chrome-hearts-dagger-snat-pack-one-size
Chrome Hearts, Double Fleur Clutch silver,ONE SIZE,"$2,640",True,2.0,https://topdrwr.io/product/chrome-hearts-double-fleur-clutch
Chrome Hearts, Distressed Leather Waistbag black,ONE SIZE,"$2,940",True,2.0,https://topdrwr.io/product/chrome-hearts-distressed-leather-waistbag
Chrome Hearts, Flare Zip Wallet black,US XL / EU 56 / 4,"$2,490",True,2.0,https://topdrwr.io/product/chrome-hearts-flare-zip-wallet
Chrome Hearts, Nylon Shoulder Bag black,ONE SIZE,"$2,940",True,2.0,https://topdrwr.io/product/chrome-hearts-nylon-shoulder-bag
Chrome Hearts, Mini Crest Ring silver,ONE SIZE,$785,True,2.0,https://topdrwr.io/product/chrome-hearts-mini-crest-ring
Chrome Hearts, Puddles Cemetery Patch Coat Black,ONE SIZE,"$6,198",True,2.0,https://topdrwr.io/product/chrome-hearts-chrome-hearts-puddles-cemetery-patch-coat-s
Chrome Hearts, BS Flare V Band Ring silver,ONE SIZE,"$1,440",True,2.0,https://topdrwr.io/product/chrome-hearts-bs-flare-v-band-ring
Chrome Hearts, Leather Shaving Handbag black,ONE SIZE,"$2,240",True,2.0,https://topdrwr.io/product/chrome-hearts-leather-shaving-handbag
Chrome Hearts, Trifold Nylon Wallet black,US 10 / EU 43,"$1,190",True,2.0,https://topdrwr.io/product/chrome-hearts-trifold-nylon-wallet
Chrome Hearts, Vine Dagger Charm silver,US S / EU 44-46 / 1,"$1,140",True,2.0,https://topdrwr.io/product/chrome-hearts-vine-dagger-charm
Chrome Hearts, x Matty Boy Chain Game Crewneck yellow,ONE SIZE,$965,True,2.0,https://topdrwr.io/product/chrome-hearts-x-matty-boy-chain-game-crewneck
Chrome Hearts, Camouflage Pattern Leather Shoulder Ba...,ONE SIZE,"$5,748",True,2.0,https://topdrwr.io/product/chrome-hearts-chrome-hearts-camouflage-pattern-leather-shoulder-bag-one-size
Chrome Hearts, Framed Plus Charm silver,ONE SIZE,$585,True,2.0,https://topdrwr.io/product/chrome-hearts-framed-plus-charm
Chrome Hearts, Framed Plus Pendant silver,ONE SIZE,$585,True,2.0,https://topdrwr.io/product/chrome-hearts-framed-plus-pendant
Chrome Hearts, Small Cross Cross Patch Quilted Wallet...,ONE SIZE,"$2,765",True,2.0,https://topdrwr.io/product/chrome-hearts-small-cross-cross-patch-quilted-wallet
Chrome Hearts, Judy Cross Ball Button Wallet black,ONE SIZE,"$1,940",True,2.0,https://topdrwr.io/product/chrome-hearts-judy-cross-ball-button-wallet
Chrome Hearts, Slip-On Leather Sneakers pink,ONE SIZE,"$2,490",True,2.0,https://topdrwr.io/product/chrome-hearts-slip-on-leather-sneakers
Chrome Hearts, Loose Ende Denim Shirt blue,ONE SIZE,"$1,440",True,2.0,https://topdrwr.io/product/chrome-hearts-loose-ende-denim-shirt
Chrome Hearts, Creepy Leather Handle Bag black,ONE SIZE,"$2,985",True,2.0,https://topdrwr.io/product/chrome-hearts-creepy-leather-handle-bag
Chrome Hearts, 4 Pocket Leather Tote white,ONE SIZE,"$2,740",True,2.0,https://topdrwr.io/product/chrome-hearts-4-pocket-leather-tote
Chrome Hearts, Canary Clutch yellow,ONE SIZE,"$2,240",True,2.0,https://topdrwr.io/product/chrome-hearts-canary-clutch
Chrome Hearts, Camo Waist Bag camo,ONE SIZE,"$2,840",True,2.0,https://topdrwr.io/product/chrome-hearts-camo-waist-bag
Chrome Hearts, Tiny Star Dog Tag silver,US M / EU 48-50 / 2,$665,True,2.0,https://topdrwr.io/product/chrome-hearts-tiny-star-dog-tag
Chrome Hearts, Kyosuke Himuro Dagger Dog Tag silver,US XL / EU 56 / 4,$685,True,2.0,https://topdrwr.io/product/chrome-hearts-kyosuke-himuro-dagger-dog-tag
Chrome Hearts, Cutout Large Cross Dog Tag silver,ONE SIZE,$785,True,2.0,https://topdrwr.io/product/chrome-hearts-cutout-large-cross-dog-tag
Chrome Hearts, Small Dagger Cutout Dog Tag silver,US L / EU 52-54 / 3,$785,True,2.0,https://topdrwr.io/product/chrome-hearts-small-dagger-cutout-dog-tag
Chrome Hearts, Large Cut Out Cross Dog Tag silver,ONE SIZE,$785,True,2.0,https://topdrwr.io/product/chrome-hearts-large-cut-out-cross-dog-tag
Chrome Hearts, 25th Anniversary Denim & Leather Tote ...,ONE SIZE,"$2,740",True,2.0,https://topdrwr.io/product/chrome-hearts-25th-anniversary-denim-leather-tote
Chrome Hearts, Rolling Stones Wave Wallet blue,ONE SIZE,"$2,240",True,2.0,https://topdrwr.io/product/chrome-hearts-rolling-stones-wave-wallet
Chrome Hearts, Quilted Cemetery Cross Wallet black,ONE SIZE,"$3,440",True,2.0,https://topdrwr.io/product/chrome-hearts-quilted-cemetery-cross-wallet
Chrome Hearts, Plus Patch Hoodie black,S,"$3,090",True,2.0,https://topdrwr.io/product/chrome-hearts-plus-patch-hoodie
Chrome Hearts, Triple Cemetery Cross Hoodie red,ONE SIZE,"$3,240",True,2.0,https://topdrwr.io/product/chrome-hearts-triple-cemetery-cross-hoodie
Chrome Hearts, 2 Snap Wallet black,ONE SIZE,$740,True,2.0,https://topdrwr.io/product/chrome-hearts-2-snap-wallet
Chrome Hearts, Western Denim Button Up blue,M,"$4,240",True,2.0,https://topdrwr.io/product/chrome-hearts-western-denim-button-up
Chrome Hearts,Red Floral Scroll Thermal Longsleeve,XL,$600.00,True,,https://www.michaelsuns.com/thecuration/p/72epytquex3eao0780rzoh4axin8ph
Chrome Hearts,Pink Multi Card Wallet,N/A,$650.00,True,,https://www.michaelsuns.com/thecuration/p/s9o6tw857f2pqkk2g1r1hjah0cf0dn
Chrome Hearts,Los Angeles Horseshoe Tank,S,$300.00,True,,https://www.michaelsuns.com/thecuration/p/7nst9fkeqoos5fjsgfws6l0m4kispj
Chrome Hearts,Seeds Tote,N/A,$500.00,True,,https://www.michaelsuns.com/thecuration/p/qi28w2gzkj0x26bfdd0c6fdxk898hd
Chrome Hearts,Vintage Cross T-Bar Tee,M,$275.00,True,,https://www.michaelsuns.com/thecuration/p/0w2jbt4mvjd8zhnj15p8tzdlm1phiu
Chrome Hearts,Cemetery Wings Vintage Top,One-Size,$475.00,True,,https://www.michaelsuns.com/thecuration/p/r7kfce6p0mvlfaw0nwwin5wpm44gqf
Chrome Hearts,Vintage Kyosuke Tank,M,$375.00,True,,https://www.michaelsuns.com/thecuration/p/s5m52vw4wn8hbdvjxnqv84jopmxi4m
Chrome Hearts,Doggy Shirt,M,$600.00,True,,https://www.michaelsuns.com/thecuration/p/chrome-hearts-doggy-shirt-m
Chrome Hearts,Matty Boy Link + Build Sweatshirt,XL,$700.00,True,,https://www.michaelsuns.com/thecuration/p/3c70zefpsm6wyz28ww1ln7i4gcek2a
Chrome Hearts,Red Floral Scroll Tee,S,$275.00,True,,https://www.michaelsuns.com/thecuration/p/ud7eyvednkxnbfwzdn1j1kq2l05whu
Chrome Hearts,Vintage Women’s USA Baby Tee Style Top,one-size,$275.00,True,,https://www.michaelsuns.com/thecuration/p/br1szde8fp6aw7of5v7azdo76pm9an
Chrome Hearts,Cross Patch Thermal,XL,"$1,750.00",True,,https://www.michaelsuns.com/thecuration/p/og5ta3i19kuqhgi1tzbskfppa2yvlj
Chrome Hearts,Los Angeles Plus Logo Tee,M,$275.00,True,,https://www.michaelsuns.com/thecuration/p/9ycldgg99sm4i8xiogu9c7hsrsio9z
Chrome Hearts,Vintage Thermal Horseshoe Hoodie,S,$750.00,True,,https://www.michaelsuns.com/thecuration/p/chrome-hearts-vintage-thermal-horseshoe-hoodie-s
Chrome Hearts,Vintage Blueberry Fleur Patch Wallet,N/A,$800.00,True,,https://www.michaelsuns.com/thecuration/p/tbwixc6i2cnu75eqicj6vrelkepuqi
Chrome Hearts,Vintage Kobe Tee,M,$275.00,True,,https://www.michaelsuns.com/thecuration/p/i3ot03m608rihm9yg7eexy9p06faah
Chrome Hearts,Floral Sleeve Horseshoe Hoodie,S,$775.00,True,,https://www.michaelsuns.com/thecuration/p/4o5hqkwpbo67x4nhjo8fug5nz7reyq
Chrome Hearts,Vintage Heart Tank,M,$350.00,True,,https://www.michaelsuns.com/thecuration/p/ktf1v3xrqxbirg0dtmxpfw76wco4ha
Chrome Hearts,Grim Reaper Cross Patch Scarf,N/A,"$1,500.00",True,,https://www.michaelsuns.com/thecuration/p/qluixs86nznybs310hvdbdmfx2d15w
Chrome Hearts,Pink Cross Patch Scarf,N/A,"$1,500.00",True,,https://www.michaelsuns.com/thecuration/p/7zc326hms5z9qdyajphsi3955qvcme
Chrome Hearts,Cross Patch + Silver Cross Leather Daily Bag,N/A,"$3,500.00",True,,https://www.michaelsuns.com/thecuration/p/l0fc65bfazdshurwtuhv7vndxps8nl
Chrome Hearts,Four Color Ballpoint Pen,N/A,"$2,500.00",True,,https://www.michaelsuns.com/thecuration/p/lfq0ztshrdxx43w2k2mqn6maxyfjcn
Chrome Hearts,Vintage Baby Blue Hearts Tank  (Size M),NEW,$450.00,True,,https://www.michaelsuns.com/thecuration/p/g7t89g33etjjfg47ijki8sha4g04ii
Chrome Hearts,OG Matty Spit & Snot Zip Up Hoodie,M,$750.00,True,,https://www.michaelsuns.com/thecuration/p/dwf7cg2dapfu8fy0727q7rrmxww1sv
Chrome Hearts,Cemetery Wings Shirt,One-Size,$475.00,True,,https://www.michaelsuns.com/thecuration/p/pxlsbxtkrwrk766yoihpzp7lj9fc8c
Chrome Hearts,Vintage GALF Tee,L,$300.00,True,,https://www.michaelsuns.com/thecuration/p/zcpjn83cm82fzrpj2a93lyxt3q3ijp
Chrome Hearts,Cross Hollywood Sweatpants,L,$600.00,True,,https://www.michaelsuns.com/thecuration/p/0vfgqk4e96ap7soumdp9wf6wdwbiwj
Chrome Hearts,Fuck You Premium Tee Thrashed Back,M,$280.00,True,,https://www.michaelsuns.com/thecuration/p/dtmnotumccmb1lbc9d8fmwfk4w3j7u
Chrome Hearts,Art Basel Tee,XXL,$300.00,True,,https://www.michaelsuns.com/thecuration/p/uct85zpc6cfczbbu1v4ma0breasgd8
Chrome Hearts,Dagger “Cracked” Effect Tee,L,$290.00,True,,https://www.michaelsuns.com/thecuration/p/napzfdj6ud2eud7jz5tnni6ktwithe
Chrome Hearts,Vintage New York Faded Tee,M,$300.00,False,,https://www.michaelsuns.com/thecuration/p/chrome-hearts-vintage-new-york-faded-tee
Chrome Hearts,Black Gunslinger Belt,36,"$2,250.00",False,,https://www.michaelsuns.com/thecuration/p/q197kstowezlrjxl9qkm2ceo0ni6i1
Chrome Hearts,Vintage Horseshoe Thermal Dagger Zip Up Hoodie,M,$850.00,False,,https://www.michaelsuns.com/thecuration/p/ck48nz7hdst6hprkjh778l9hj201ke
Chrome Hearts,Plus Cross Design Longsleeve,XL,$300.00,False,,https://www.michaelsuns.com/thecuration/p/0qp491nxcwclnt5rfvi0mgolaheut6
Chrome Hearts,Black Sheep Jacket,M,"$2,250.00",False,,https://www.michaelsuns.com/thecuration/p/chrome-hearts-black-sheep-jacket-m
Chrome Hearts,Blue/Yellow RS3 Cross Horseshoe Hoodie,XL,$900.00,False,,https://www.michaelsuns.com/thecuration/p/tg5vi6dpawhtfsq4ub1copv77muf7w
Chrome Hearts,Cemetery Cross Long Sleeve Vintage,M,$300.00,False,,https://www.michaelsuns.com/thecuration/p/0ohfwkuecg2cum8vujxichrlr6ym9e
Chrome Hearts,Vintage Star Henley,XL,$375.00,False,,https://www.michaelsuns.com/thecuration/p/jcgk66dshz2aa6uhcnk2ssu5n16jo4
Chrome Hearts,Horseshoe Henley Shirt,XXL,$375.00,False,,https://www.michaelsuns.com/thecuration/p/r1afigh36oxv51ynfymg616yeviixr
Chrome Hearts,Vintage Blue Floral Cross Zip Up Hoodie,S,$650.00,False,,https://www.michaelsuns.com/thecuration/p/a04qw2cjzbizvj1hg8zbaepvm6dc3k
Chrome Hearts,Vintage Embroidered Thermal,XS,$300.00,False,,https://www.michaelsuns.com/thecuration/p/91etfeoyr21sasivktb09mmu0k5wln
Chrome Hearts,Vintage Fuck You Embroidered Robe,N/A,$800.00,False,,https://www.michaelsuns.com/thecuration/p/zg0l1urbz9v983vkxlkgwff2x5z9ut
Chrome Hearts,Matty Boy OG Boy Blue Sweatshirt,L,$550.00,False,,https://www.michaelsuns.com/thecuration/p/84aggjk708cz7433uo31kjcn0r2xrn
Chrome Hearts,Large Filigree Necklace,N/A,"$1,800.00",False,,https://www.michaelsuns.com/thecuration/p/79elv0bxeb0xacwmp4z5vp56i44mdl
Chrome Hearts,Matty Tokyo Racing Exclusive,XL,$350.00,False,,https://www.michaelsuns.com/thecuration/p/nqcgwf00l1m61icrqun097hwv3plce
Chrome Hearts,Gradient Cross Longsleeve,S,$300.00,False,,https://www.michaelsuns.com/thecuration/p/dv7wa0vzhwvyao3undlwgd2mt9uiwh
Chrome Hearts,Vintage New York Horseshoe Tank,L,$350.00,False,,https://www.michaelsuns.com/thecuration/p/9er57if772yc73esm5nruuo94jan7v
Chrome Hearts,Red Horseshoe Henley,M,$275.00,False,,https://www.michaelsuns.com/thecuration/p/ub8ywnldw0hd1p75i7yvqpo7bnrfi3
Chrome Hearts,Vintage Faded Embroidered Thermal,S,$475.00,False,,https://www.michaelsuns.com/thecuration/p/24keiptgsaph9ch77ednma3qfig1m8
Chrome Hearts,Pussy & Chrome Hoodie,L,"$1,000.00",False,,https://www.michaelsuns.com/thecuration/p/t2p4pjqu38ga1vwrload0bntzw8psj
Chrome Hearts,Vintage Floral Heart Womens Tee,One-Size,$100.00,False,,https://www.michaelsuns.com/thecuration/p/ii65sszfrah2ttjdqzat8tpyga4ma8
Chrome Hearts,White Rhodium Horseshoe Floral Sleeve Dagger Zip Up Hoodie,L,$750.00,False,,https://www.michaelsuns.com/thecuration/p/k6vo93cjxkdwceogwwt97y2wmzzt6k
Chrome Hearts,Vintage Embroidered Distressed Faded Tee,S,$375.00,False,,https://www.michaelsuns.com/thecuration/p/hv09thcw1vpcudpsw43e89pi96yi57
Chrome Hearts,Brown Cheetah Patch Denim Jeans NYFW Exclusive,34,"$9,800.00",False,,https://www.michaelsuns.com/thecuration/p/fec9221amisegxs4fgagjgke3d7i94
Chrome Hearts,RARE Thermal Hoodie,XS,$700.00,False,,https://www.michaelsuns.com/thecuration/p/87ezjdcwfi2quuns47efz99gvn8wtq
Chrome Hearts,Lumberjack Quarterzip Flannel,M,"$2,200.00",False,,https://www.michaelsuns.com/thecuration/p/grl74tkl84djn781n0agnbl3lfatm4
Chrome Hearts,Vintage Thermal Embroidered Beanie,N/A,$325.00,False,,https://www.michaelsuns.com/thecuration/p/iyvhp77ff0y3vl2osuvy0qt0vbscg2
Chrome Hearts,Matty OG Racing Hoodie,L,"$1,000.00",False,,https://www.michaelsuns.com/thecuration/p/enmz2o3n0mzm9y28zjcoyg0wq6pjep
Chrome Hearts,Cross Patch Quarter Zip Hoodie,S,$700.00,False,,https://www.michaelsuns.com/thecuration/p/mqnldwvaz9a74ctqoazivc5rhmgxzc
Chrome Hearts,Vintage Faded Cross T Bar Tee,M,$325.00,False,,https://www.michaelsuns.com/thecuration/p/43q8zhby7kc4nu9crb2n46d15sg1pm
Chrome Hearts,Yoga Bag,N/A,$650.00,False,,https://www.michaelsuns.com/thecuration/p/p4z43co3ign2k22gpe5lxgpftfl9gt
Chrome Hearts,Matty Sadistic Crew Sweatshirt,XL,$750.00,False,,https://www.michaelsuns.com/thecuration/p/x7npnx1za2u15khzvr8sqiy8n8jtl5
Chrome Hearts,F&F Black/Pink Hoodie,L,$900.00,False,,https://www.michaelsuns.com/thecuration/p/r22ffjdlr82v5x4xesydtuaz7vg64y
Chrome Hearts,Matty Suggest Tee,XL,$300.00,False,,https://www.michaelsuns.com/thecuration/p/igli3k31ebetbwj7011lgc8mq7klpp
Chrome Hearts,Vintage Gold Horseshoe “Cracked” Effect Tee,S,$225.00,False,,https://www.michaelsuns.com/thecuration/p/hwk0h9iu6hn23kpvnb47oov6wxqmrg
Chrome Hearts,Embroidered Premium Line,XL,$350.00,False,,https://www.michaelsuns.com/thecuration/p/2csec7yz7qlvx5wjiw8kmrucdbe48r
Chrome Hearts,Purple Suede Gunslinger Snat Pack Bag,N/A,"$3,500.00",False,,https://www.michaelsuns.com/thecuration/p/j4411i7t1638n8g4n167ylbmt77uqp
Chrome Hearts,Matty Spider Floral Sleeve Hoodie,XXL,$850.00,False,,https://www.michaelsuns.com/thecuration/p/w7lapm4a5dslpg7cypsah3mpou06hz
Chrome Hearts,Vintage Thermal Horseshoe Hood Sweatshirt,L/M,$750.00,False,,https://www.michaelsuns.com/thecuration/p/5rqn6hejbz3w29u7lir3wh2ttiqilm
Chrome Hearts,Chomper Patch Loafer Slippers,44,"$1,350.00",False,,https://www.michaelsuns.com/thecuration/p/9qiwuicgx8lpjgqz5lizkl8awekf2i
Chrome Hearts,Spellout Sweatpants,M,$450.00,False,,https://www.michaelsuns.com/thecuration/p/784w78kxesg6tpcw5fxswp106d3zyc
Chrome Hearts,Cemetery Cross Patch Cap Black/White,N/A,$500.00,False,,https://www.michaelsuns.com/thecuration/p/dkvg96iadu4vh107qzt7dpul015k4u
Chrome Hearts,Vintage Faded Fuck You Sweatpants,L,$450.00,False,,https://www.michaelsuns.com/thecuration/p/4vr0zh3a3808c3stqey6dba2l7i3e5
Chrome Hearts,Vintage Blue Swirl Tee Shirt,M,$250.00,False,,https://www.michaelsuns.com/thecuration/p/ftkovqxg37uqza0nqmfguvo0n5b0kc
Chrome Hearts,Orange Cemetery Hoodie,L,$750.00,False,,https://www.michaelsuns.com/thecuration/p/dz8xoisnfjqct7cc5arjpl3g995dck
Chrome Hearts,Stencil Hoodie,L,$800.00,False,,https://www.michaelsuns.com/thecuration/p/2zri8wvoaifjks5eie91tji0auvfle
Chrome Hearts,Purple Cross Vest Vintage,M,"$5,000.00",False,,https://www.michaelsuns.com/thecuration/p/au0fer8z2kmy7ysjx430d6ho7fl5mb
Chrome Hearts,Gradient Cemetery Cross Zip Up Hoodie,L,$800.00,False,,https://www.michaelsuns.com/thecuration/p/3wyf18qn6urcgr1fbu87z6zffaha8s
Chrome Hearts,Vintage Cross Sleeve New York Horseshoe Longsleeve Shirt,M,$475.00,False,,https://www.michaelsuns.com/thecuration/p/trpmb4v1cn8s9c41t2ausv01xbea24
Chrome Hearts,Vintage Thermal Cross Sleeve Hooded Sweatshirt,M,$750.00,False,,https://www.michaelsuns.com/thecuration/p/6g1jejwrja4gglyq7rtbj11tp5jssf
Chrome Hearts,Vintage Faded Cross Embroidered Thermal Longsleeve,S,$500.00,False,,https://www.michaelsuns.com/thecuration/p/wp730ttwfoy3bektc06pi29pjtxkwe
Chrome Hearts,Vintage Horseshoe Thermal Floral Hoodie,S,$800.00,False,,https://www.michaelsuns.com/thecuration/p/3mi2u7nl2xhki3equ9ufzwluj3kykz
Chrome Hearts,Cross Patch Henley Thermal,L,$700.00,False,,https://www.michaelsuns.com/thecuration/p/3pa8fc353zc29i3jfg2yjnaosoh7ne
Chrome Hearts,Vintage Horseshoe Thermal Zip Up Hoodie,S,$850.00,False,,https://www.michaelsuns.com/thecuration/p/a3cuo8ncdz72nk4e8ppeljo4nj4y09
Chrome Hearts,Vintage Giant Patch Button Shirt,M,"$1,200.00",False,,https://www.michaelsuns.com/thecuration/p/t7kj9c7x4zn0jxrdajkou0q4bv77nu
Chrome Hearts,Cross Patch Wallet,N/A,"$1,200.00",False,,https://www.michaelsuns.com/thecuration/p/ci9a38v197hsp3uk98qqpteu9mj48q
Chrome Hearts,Vintage Kyosuke Women’s Baby Tee,One-Size,$275.00,False,,https://www.michaelsuns.com/thecuration/p/0wb7i7sopn4x4tzbiv9syqj4ni0bev
Chrome Hearts,Tie Dye Malibu Long Sleeve Shirt,L,$450.00,False,,https://www.michaelsuns.com/thecuration/p/6jielwobmhfk63uqefoqw99vfuk894
Chrome Hearts,Thermal Scroll Zip Up Hoodie M),N/A,$700.00,False,,https://www.michaelsuns.com/thecuration/p/rxnh9xoz3r2kgon68btpdf1xtf9joj
Chrome Hearts,Vintage Cross Beanie,N/A,$350.00,False,,https://www.michaelsuns.com/thecuration/p/ittt82arwcdyd8kalnyldoc9ae5cba
Chrome Hearts,Semi Fancy Link Wallet Chain 15 inch,N/A,"$3,500.00",False,,https://www.michaelsuns.com/thecuration/p/q0vgb6bpqiv7to8wvxplf5vb08awlz
Chrome Hearts,Silk Dagger Cap,N/A,$700.00,False,,https://www.michaelsuns.com/thecuration/p/n58s0sdjjxjec6gcoydrba6c2ytjn6
Chrome Hearts,Vintage Cross Womens Baby Tee,One-Size,$350.00,False,,https://www.michaelsuns.com/thecuration/p/42sei6a6g7vqb3u78ppm90e1jtkyjm
Chrome Hearts,Miami Floral Longsleeve,L,$350.00,False,,https://www.michaelsuns.com/thecuration/p/pcwd2cyno0i96iceweskl05iheciim
Chrome Hearts,Vintage Floral Heart Womens Baby Tee,One-Size,$350.00,False,,https://www.michaelsuns.com/thecuration/p/3yxvyx4f7old5iycwx6cp8u3s6rpgm
Chrome Hearts,Vintage Floral Heart Womens Baby Tee,One-Size,$350.00,False,,https://www.michaelsuns.com/thecuration/p/4b6ogy908dnj7q4mg10gvcn4viv3bl
Chrome Hearts,Pussy Sweatshirt,XL,$850.00,False,,https://www.michaelsuns.com/thecuration/p/xt8o19a9g9hhze717c7ryd31a10emu
Chrome Hearts,Medieval Fleur Patch Knit Sweater,Medium,"$2,250.00",False,,https://www.michaelsuns.com/thecuration/p/chrome-hearts-medieval-fleur-patch-knit-sweater-medium
Chrome Hearts,Leather Rhodium Cigarette Case,N/A,"$1,000.00",False,,https://www.michaelsuns.com/thecuration/p/eaw3t83vplwntggsxbq2jvy3mz4gg9
Chrome Hearts,Purple Foti Tee,XL,$350.00,False,,https://www.michaelsuns.com/thecuration/p/yazndwq2qphvntiw9jsdsgqhq42cg7
Chrome Hearts,Matty Boy Sadistic Hoodie,XL,$800.00,False,,https://www.michaelsuns.com/thecuration/p/91m4d59c5ex98dlhetolofxabunr30
Chrome Hearts,Vintage FUCK Patch Trucker Cap,N/A,$850.00,False,,https://www.michaelsuns.com/thecuration/p/hinywrxb411242q8hrzqmafeoew6nd
Chrome Hearts,Vintage Giant Cross Patch Star Button Shirt,S,"$1,500.00",False,,https://www.michaelsuns.com/thecuration/p/3ao1fizmal23bfmsxvyc8soopjuwzi
Chrome Hearts,Deadly Doll Sweatpants,M,$450.00,False,,https://www.michaelsuns.com/thecuration/p/kq7gnw9s61gf5c1qcxjo8gze8fgvvl
Chrome Hearts,Vintage Fuck You Vine Dagger Longsleeve,L,$300.00,False,,https://www.michaelsuns.com/thecuration/p/cuxjw15100j451scswlgj83u2orzjw
Chrome Hearts,Vintage Thermal Cross Hood Sweatshirt,XL,$850.00,False,,https://www.michaelsuns.com/thecuration/p/u7e84y6lyfo8xcbx9w3fsvf7i3iv0k
Chrome Hearts,Cross Patch Lelo Bag,N/A,"$3,500.00",False,,https://www.michaelsuns.com/thecuration/p/0t9hojv7dekjb6aknb21zr887w21dj
Chrome Hearts,Blue Cross Tee,S,$275.00,False,,https://www.michaelsuns.com/thecuration/p/3at51uwbhgblxi0qlf50rvt5268352
Chrome Hearts,Los Angeles Horseshoe Dagger Zip Hooded Sweatshirt,L,$800.00,False,,https://www.michaelsuns.com/thecuration/p/swvniti1ejtdzowsdfrsxa51d86hnh
Chrome Hearts,Vintage Embroidered Thermal Long Sleeve,XL,$400.00,False,,https://www.michaelsuns.com/thecuration/p/8h9j05za75cn8w552669f8rakq5mhs
Chrome Hearts,Vintage Women’s Crop Long Sleeve,O/S,$350.00,False,,https://www.michaelsuns.com/thecuration/p/83ar1qxi9m6pzkdibevlyzv8frqo74
Chrome Hearts,Floral Leather Cross Patch Sleeve Flannel,XXL,"$3,300.00",False,,https://www.michaelsuns.com/thecuration/p/7jkcyk98a7xh722sxi543jrb1dws8o
Chrome Hearts,Jesse Jo Tee Shirt,M,$350.00,False,,https://www.michaelsuns.com/thecuration/p/ojzfq3c8l13hol43xnnur32xdiapkw
Chrome Hearts,Golden Thermal Dagger Zip Hoodie,S,$700.00,False,,https://www.michaelsuns.com/thecuration/p/b816ltqssibej0d4hw2er03002fu5u
Chrome Hearts,Fuck You Polo,S,$750.00,False,,https://www.michaelsuns.com/thecuration/p/drmdiq26bh9otlss2ivow42w5so1vo
Chrome Hearts,Vintage Sweatpants,M,$450.00,False,,https://www.michaelsuns.com/thecuration/p/2o1iix8crpzhop6ufljif136u0r4l3
Chrome Hearts,Loose Ends Cross Patch Flannel,L,"$2,400.00",False,,https://www.michaelsuns.com/thecuration/p/ahgl3gstjew49tw2w8z0ofzp33l8tb
Chrome Hearts,Vintage Floral Dagger Long Sleeve,S,$375.00,False,,https://www.michaelsuns.com/thecuration/p/hiqefu31xsophh471b0ihee86wco55
Chrome Hearts,Vintage “Cracked” Effect Horseshoe Long Sleeve,L,$400.00,False,,https://www.michaelsuns.com/thecuration/p/puv63x7f6tkmrzrrr1z2z5dad6rw7e
Chrome Hearts,Vintage Horseshoe Crew Sweatshirt,M,$600.00,False,,https://www.michaelsuns.com/thecuration/p/cab5rx6h376mlauug4cjdytyghrdmz
Chrome Hearts,Outward Spiral Tee,XL,$300.00,False,,https://www.michaelsuns.com/thecuration/p/d9zy30bazb0h0pzyzqk4klchdaj2fu
Chrome Hearts,Vintage Multilogo Long Sleeve,S,$275.00,False,,https://www.michaelsuns.com/thecuration/p/u56xe0wzxvexx889k7rr6s9g41ht4d
Chrome Hearts,Matty Boy USA Flag America Sweatpants,X-Large,$450.00,False,,https://www.michaelsuns.com/thecuration/p/chrome-hearts-matty-boy-usa-flag-america-sweatpants-x-large
Chrome Hearts,Chomper Patch Horshoe Crew Sweatshirt,L,$800.00,False,,https://www.michaelsuns.com/thecuration/p/zdgilbb3id88k62y102vqmh7bpyik1
Chrome Hearts,Denim Cross Patch Crossball Button Shirt,L,"$2,500.00",False,,https://www.michaelsuns.com/thecuration/p/j7cre9ir1zrwrnsjn23draoawttsh4
Chrome Hearts,Tokyo Hoodie,L,$750.00,False,,https://www.michaelsuns.com/thecuration/p/dzy0svupznp7vm28mhtqn6smxrfp2j
Chrome Hearts,OG Matty Boy Antidote Long Sleeve,XS,$350.00,False,,https://www.michaelsuns.com/thecuration/p/ax01ei1p3gbmy3tasaqrqs45eesk8w
Chrome Hearts,Black/Green Cemetery Cross Long Sleeve,XL,$400.00,False,,https://www.michaelsuns.com/thecuration/p/669ygs6a8jr4vgw6yrzvxs5reyxqse
Chrome Hearts,Blue Lips Chomper Hat,N/A,$600.00,False,,https://www.michaelsuns.com/thecuration/p/chrome-hearts-blue-lips-chomper-hat
Chrome Hearts,Plus Cross Longsleeve,M,$350.00,False,,https://www.michaelsuns.com/thecuration/p/ymltyyvyp5sndi5wq33czzqq2uvgsw
Chrome Hearts,Blue Rolling Stones Zip Up Hoodie,L,"$1,000.00",False,,https://www.michaelsuns.com/thecuration/p/53avbperqkef8vlhz2a7h6czo3pl7t
Chrome Hearts,Cross Los Angeles Vintage Tank,S,$300.00,False,,https://www.michaelsuns.com/thecuration/p/uwdmd4d6494h1v3nmq1v7uuc1g30go
Chrome Hearts,Vintage Malibu Cross Tank,XL,$300.00,False,,https://www.michaelsuns.com/thecuration/p/q731zrxfsunn6v5vbvz3yd6o6c6pvs
Chrome Hearts,Vintage New York Tank,M,$300.00,False,,https://www.michaelsuns.com/thecuration/p/f8ogw9fm1e9azgicibrxt7kafvr5ct
Chrome Hearts,Los Angeles Tank,S,$300.00,False,,https://www.michaelsuns.com/thecuration/p/rizgdycbidxxm20irxrxxmj0tpdx73
Chrome Hearts,Matty Boy Link + Build Sweatshirt,XL,$700.00,False,,https://www.michaelsuns.com/thecuration/p/1hxv3yavz5cva08r2u4qn6aamtc1gt
Chrome Hearts,Matty Boy Build Thermal,XL,$500.00,False,,https://www.michaelsuns.com/thecuration/p/qqkk7b8wmpzlmob6on7d9yixmbm46m
Chrome Hearts,OG Vintage Floral Sleeve Thermal Hoodie,M,$800.00,False,,https://www.michaelsuns.com/thecuration/p/jugs22x9atcy5bst6p57t4zb6y09uh
Chrome Hearts,Drake CLB Hooded Sweatshirt,XL,"$1,500.00",False,,https://www.michaelsuns.com/thecuration/p/qid2ob8excf3wq4gsmbmzmriuav7h5
Chrome Hearts,Matty Boy TV Party Trucker Cap,N/A,$495.00,False,,https://www.michaelsuns.com/thecuration/p/ryp8ldroifpi4d0evqsy3gvlll1tpd
Chrome Hearts,Rolling Stones Tank Top,L,$400.00,False,,https://www.michaelsuns.com/thecuration/p/dvvpcn7ugq6svf08grldar75jw040f
Chrome Hearts,Fuck You Shoulder Logo Tee,M,$250.00,False,,https://www.michaelsuns.com/thecuration/p/chrome-hearts-fuck-you-shoulder-logo-tee-m
Chrome Hearts,Thermal Floral Sleeve Horshoe Zip Up Hoodie,S,$850.00,False,,https://www.michaelsuns.com/thecuration/p/crjm9lpwpa4atjectxgjjwtygncd7i
Chrome Hearts,Stay Fast Crew Sweatshirt,M,$550.00,False,,https://www.michaelsuns.com/thecuration/p/9vp1cg37tufthg923sug12k8ziwqyw
Chrome Hearts,Vintage City Cap CHLA,N/A,$725.00,False,,https://www.michaelsuns.com/thecuration/p/chrome-hearts-vintage-city-cap-chla
Chrome Hearts,Purple Vintage LA Tee,XL,$465.00,False,,https://www.michaelsuns.com/thecuration/p/xz88yhq1ybz4ulot8od4eiv69zpo72
Chrome Hearts,Vintage Kobe Tee,M,$335.00,False,,https://www.michaelsuns.com/thecuration/p/dgjmw2bfd4ie4gzr00qub6tgbvu6g4
Chrome Hearts,Star Tank,M,$300.00,False,,https://www.michaelsuns.com/thecuration/p/uv8fsfx0b5dsavagvc1tkw6agffbj0
Chrome Hearts,Cemetery Long Sleeve,M,$415.00,False,,https://www.michaelsuns.com/thecuration/p/ttgs857v925g9w4tjf93wx3q6bdswn
Chrome Hearts,Passport Cover,N/A,$870.00,False,,https://www.michaelsuns.com/thecuration/p/nn26u1jeajls2vfm5k1tr4466el2oe
Chrome Hearts,Arctic Blue Rhodium Cross Zip Wallet,N/A,"$1,970.00",False,,https://www.michaelsuns.com/thecuration/p/chrome-hearts-arctic-blue-rhodium-cross-zip-wallet
Chrome Hearts,Vintage Beach Faded Horizontal Floral Zip Up,XS,$725.00,False,,https://www.michaelsuns.com/thecuration/p/qvm4uqyb9l4rrc9xdchxpbza8y0jiv
Chrome Hearts,Red Floral Long Sleeve,M,$415.00,False,,https://www.michaelsuns.com/thecuration/p/8fj8knunt32obalvv0jzk0j3byxntb
Chrome Hearts,Matty Boy Suggest Tee Shirt,XL,$385.00,False,,https://www.michaelsuns.com/thecuration/p/yw45guip21aqgp2v5lwcqhkc3n7dhh
Chrome Hearts,Off White Cross Patch Flare Denim,28,"$6,980.00",False,,https://www.michaelsuns.com/thecuration/p/chrome-hearts-off-white-cross-patch-flare-denim-26
Chrome Hearts,Faded Fleur Tee,L,$365.00,False,,https://www.michaelsuns.com/thecuration/p/i2xwatajowz2tgtvydzwhjh4cftinj
Chrome Hearts,Red Floral Matty Jersey,L,$880.00,False,,https://www.michaelsuns.com/thecuration/p/chrome-hearts-red-floral-matty-jersey-l
Chrome Hearts,Vintage Thermal Blue Metallic Hoodie,S,$825.00,False,,https://www.michaelsuns.com/thecuration/p/zyyq0cq1cuhd93tmalto3rccrro9cz
Chrome Hearts,Womens Leggings,M,$350.00,False,,https://www.michaelsuns.com/thecuration/p/t8561nvzo85euxmy5bfzp75sjaxdhm
Chrome Hearts,Vintage Rolling Stones Trucker Cap,N/A,$625.00,False,,https://www.michaelsuns.com/thecuration/p/84x7gjomul3z4m721w1zlc9yhs7d3s
Chrome Hearts,Vintage Dagger Tee,L,$310.00,False,,https://www.michaelsuns.com/thecuration/p/29am7pz81fnv8shjsjmyr8yvcgwywv
Chrome Hearts,x Rick Owens Patch Sweater,S,"$2,340.00",False,,https://www.michaelsuns.com/thecuration/p/chrome-hearts-x-rick-owens-patch-sweater-s
Chrome Hearts,Vintage Thermal Blue Metallic Hoodie,M,$825.00,False,,https://www.michaelsuns.com/thecuration/p/04gcnccu3r89guqw4b8ynpbnwf2od1
Chrome Hearts,Vintage Patch Quarter Zip,L,"$1,240.00",False,,https://www.michaelsuns.com/thecuration/p/z22ulf31aol4y25slyn7mavezyb1s8
Chrome Hearts,Skull Converse,44,"$2,850.00",False,,https://www.michaelsuns.com/thecuration/p/b7zrso9a3rwao4gy70rfhssekkxrbw
Chrome Hearts,Cheetah Pony Hair Gunslinger,36,"$3,640.00",False,,https://www.michaelsuns.com/thecuration/p/9lz7f7i3tid92zzmsidbez4hmy0doc
Chrome Hearts,Mapplethorpe Tank,M,$360.00,False,,https://www.michaelsuns.com/thecuration/p/8pkev72qu40ya75dsa8y327empnqjg
Chrome Hearts,Floral Shoulder Logo Sweatshirt,M,$520.00,False,,https://www.michaelsuns.com/thecuration/p/nxf9o19gamehzxfozmmuasbsahdjmh
Chrome Hearts,Matty Boy Space Sweatshirt,X-Large,$725.00,False,,https://www.michaelsuns.com/thecuration/p/chrome-hearts-matty-boy-space-sweatshirt-x-large
Chrome Hearts,Patch Thermal,XL,"$1,830.00",False,,https://www.michaelsuns.com/thecuration/p/r9b4miy62w5xwf4swhh21iqwwfim2v
Chrome Hearts,Vintage Thermal Scroll Hoodie,N/A,$830.00,False,,https://www.michaelsuns.com/thecuration/p/kbuig3qafbz4tsjqgu149f7ks3eio8
Chrome Hearts,Jersey Set,L/M,from $625.00,False,,https://www.michaelsuns.com/thecuration/p/usat6knrhy3ti912vzjncp7l9t9fxd
Chrome Hearts,Patch Carpenter Denim Shorts,34,"$2,600.00",False,,https://www.michaelsuns.com/thecuration/p/054elca6v3q8fiiepvjrixucltl8bo
Chrome Hearts,Vintage Thermal Hoodie,M,$830.00,False,,https://www.michaelsuns.com/thecuration/p/rgrqpugu47jpgkxztzf6kj1d4v5c1m
Chrome Hearts,Vintage Kyosuke Himuro Tank,M,$350.00,False,,https://www.michaelsuns.com/thecuration/p/fonoib7r8mad31b1l0lah0t5f7rdp2
Chrome Hearts,Antidote Zip Up Hoodie,S,$930.00,False,,https://www.michaelsuns.com/thecuration/p/hsg1qcmybvdkfcra7uj7341kupdx71
Chrome Hearts,Cross Thermal,S,$410.00,False,,https://www.michaelsuns.com/thecuration/p/r2vateaqv8rb4y3yfs8wrkhc9q2jjx
Chrome Hearts,Vintage Star Patch Denim,34,"$3,320.00",False,,https://www.michaelsuns.com/thecuration/p/chrome-hearts-vintage-star-patch-denim-34
Chrome Hearts,Star Wallet,N/A,$565.00,False,,https://www.michaelsuns.com/thecuration/p/chrome-hearts-star-wallet
Chrome Hearts,Vintage Flare Patch Denim,28,"$3,100.00",False,,https://www.michaelsuns.com/thecuration/p/2u607m0ro19p99w7ij41q1sltg8171
Chrome Hearts,OG Vintage Embroidered Sweatshirt,M,$415.00,False,,https://www.michaelsuns.com/thecuration/p/chrome-hearts-og-vintage-embroidered-sweatshirt-m
Chrome Hearts,Sinister Thermal,L,$620.00,False,,https://www.michaelsuns.com/thecuration/p/avldhh5z5sbr52l4udigba386fhi03
Chrome Hearts,Blue Floral Jersey,L,$930.00,False,,https://www.michaelsuns.com/thecuration/p/chrome-hearts-blue-floral-jersey-l
Chrome Hearts,Matty Boy It Is What It Is Long Sleeve,XXL,$415.00,False,,https://www.michaelsuns.com/thecuration/p/chrome-hearts-matty-boy-long-sleeve-xxl
Chrome Hearts,Camouflage Cargo Pants,31,"$4,500",True,1.0,https://justinreed.com/collections/chrome-hearts/products/chrome-hearts-camouflage-cargo-pants-486965
Chrome Hearts,Denim Cross Patch Chicken Nugget Bag,OS,"$13,000",True,1.0,https://justinreed.com/collections/chrome-hearts/products/chrome-hearts-denim-cross-patch-chicken-nugget-bag
Chrome Hearts,Paper Chain Necklace,OS,"$1,800",True,1.0,https://justinreed.com/collections/chrome-hearts/products/chrome-hearts-paper-chain-necklace-1943
Chrome Hearts,Cross Pendant with Bail,OS,"$1,600",True,1.0,https://justinreed.com/collections/chrome-hearts/products/chrome-hearts-cross-pendant-with-bail-3234243
Chrome Hearts,Living Proof IV Sunglasses,OS,"$3,000",True,1.0,https://justinreed.com/collections/chrome-hearts/products/chrome-hearts-living-proof-iv-sunglasses
Chrome Hearts,Cross Patch Zip Up Hoodie,M,"$2,600",True,1.0,https://justinreed.com/collections/chrome-hearts/products/chrome-hearts-cross-patch-zip-up-hoodie-214142
Chrome Hearts,Guanabana Cross Patch and Silver Embellished Bag,OS,"$8,000",True,1.0,https://justinreed.com/collections/chrome-hearts/products/chrome-hearts-guanabana-cross-patch-and-silver-embellished-bag34
Chrome Hearts,Paper Chain Necklace,OS,"$1,500",True,1.0,https://justinreed.com/collections/chrome-hearts/products/chrome-hearts-paper-chain-necklace-9
Chrome Hearts,Medium Dagger Pendant,OS,"$1,250",True,1.0,https://justinreed.com/collections/chrome-hearts/products/chrome-hearts-medium-dagger-pendant-985
Chrome Hearts,Small Dagger Pendant,OS,$900,True,1.0,https://justinreed.com/collections/chrome-hearts/products/chrome-hearts-small-dagger-pendant-9784
Chrome Hearts,Oval Star Ring,7.5 US (18mm),"$1,400",True,1.0,https://justinreed.com/collections/chrome-hearts/products/chrome-hearts-oval-star-ring-99
Chrome Hearts,Cross Patch Leather 5 Pocket Pants,30,"$7,500",True,1.0,https://justinreed.com/collections/chrome-hearts/products/chrome-hearts-cross-patch-leather-5-pocket-pants-9
Chrome Hearts,Levi's Sex Records Cross Patch Jeans,30,"$10,000",True,1.0,https://justinreed.com/collections/chrome-hearts/products/chrome-hearts-levis-sex-records-cross-patch-jeans-9999
Chrome Hearts,Nylon Leather Double Knee Pants,28,"$3,500",True,1.0,https://justinreed.com/collections/chrome-hearts/products/chrome-hearts-nylon-leather-double-knee-pants-789
Chrome Hearts,Tiny Plus Cross Leather Wallet,OS,"$1,600",True,1.0,https://justinreed.com/collections/chrome-hearts/products/chrome-hearts-tiny-plus-cross-leather-wallet-66
Chrome Hearts,Workn Padded Flannel Shirt Jacket,M,"$4,500",True,1.0,https://justinreed.com/collections/chrome-hearts/products/chrome-hearts-workn-padded-flannel-shirt-jacket-489
Chrome Hearts,Mullet Head Flannel Jacket,M,"$4,300",True,1.0,https://justinreed.com/collections/chrome-hearts/products/chrome-hearts-mullet-head-flannel-jacket23
Chrome Hearts,Comme Des Garcons Shirt,M,"$1,250",True,1.0,https://justinreed.com/collections/chrome-hearts/products/chrome-hearts-comme-des-garcons-shirt484
Chrome Hearts,Denim Jacket,M,"$2,500",True,1.0,https://justinreed.com/collections/chrome-hearts/products/chrome-hearts-denim-jacket0998
Chrome Hearts,Double Roller Wallet Chain,OS,"$4,500",True,1.0,https://justinreed.com/collections/chrome-hearts/products/chrome-hearts-celtic-roller-wallet-chain111
Chrome Hearts,Celtic Roller Wallet Chain,OS,"$5,500",True,1.0,https://justinreed.com/collections/chrome-hearts/products/chrome-hearts-celtic-roller-wallet-chain235
Chrome Hearts,Barrel Link Wallet Chain,OS,"$5,500",True,1.0,https://justinreed.com/collections/chrome-hearts/products/chrome-hearts-barrel-link-wallet-chain3484
Chrome Hearts,Plus Cross Leather Belt Loop Strap,OS,$650,True,1.0,https://justinreed.com/collections/chrome-hearts/products/plus-cross-leather-belt-loop-strap
Chrome Hearts,Roller Wallet Chain,OS,"$5,500",True,1.0,https://justinreed.com/collections/chrome-hearts/products/chrome-hearts-roller-link-wallet-chain999
Chrome Hearts,Cross Ball Wallet Chain,OS,"$4,500",True,1.0,https://justinreed.com/collections/chrome-hearts/products/chrome-hearts-cross-ball-wallet-chain-4886456
Chrome Hearts,Cross Patch & Waxed Canvas Backpack,OS,"$7,500",True,1.0,https://justinreed.com/collections/chrome-hearts/products/chrome-heartscross-patch-waxed-canvas-backpack55
Chrome Hearts,Cross Patch Moto Backpack,OS,"$8,500",True,1.0,https://justinreed.com/collections/chrome-hearts/products/chrome-hearts-cross-patch-moto-backpack345
Chrome Hearts,Matty Boy Chomper Crewneck Sweatshirt,XS,$600,True,1.0,https://justinreed.com/collections/chrome-hearts/products/chrome-hearts-matty-boy-chomper-crewneck-sweatshirt
Chrome Hearts,Tear Away Mesh Pants,M,"$2,000",True,1.0,https://justinreed.com/collections/chrome-hearts/products/chrome-hearts-tear-away-mesh-pants4555
Chrome Hearts,Stencil Sleeve Hoodie,S,$700,True,1.0,https://justinreed.com/collections/chrome-hearts/products/chrome-hearts-stencil-sleeve-hoodie345
Chrome Hearts,Star Patch Fleur Knee Jeans,34,"$5,200",True,1.0,https://justinreed.com/collections/chrome-hearts/products/chrome-hearts-star-patch-fleur-knee-jeans663
Chrome Hearts,Star Patch Fleur Knee Jeans,32,"$5,000",True,1.0,https://justinreed.com/collections/chrome-hearts/products/chrome-hearts-star-patch-fleur-knee-jeans324543
Chrome Hearts,Cross Patch Mock Neck Sweater,M,"$5,200",True,1.0,https://justinreed.com/collections/chrome-hearts/products/chrome-hearts-cross-patch-mock-neck-sweater-4985
Chrome Hearts,Diamond Championship Ring,7.5US (17.8mm),"$3,600",True,1.0,https://justinreed.com/collections/chrome-hearts/products/chrome-hearts-diamond-championship-ring-99563
Chrome Hearts,Matty Boy 99 Eyes Mini Snat Pack,OS,"$3,500",True,1.0,https://justinreed.com/collections/chrome-hearts/products/chrome-hearts-matty-boy-99-eyes-mini-snat-pack233
Chrome Hearts,Ceiling Silk Scarf,OS,$700,True,1.0,https://justinreed.com/collections/chrome-hearts/products/chrome-hearts-ceiling-silk-scarf
Chrome Hearts,Workn Padded Flannel Shirt Jacket,S,"$4,500",True,1.0,https://justinreed.com/collections/chrome-hearts/products/chrome-hearts-workn-padded-flannel-shirt-jacket-33333
Chrome Hearts,Wool-Blend Overshirt,M,"$1,800",True,1.0,https://justinreed.com/collections/chrome-hearts/products/chrome-hearts-wool-blend-overshirt-9999
Chrome Hearts,Mochita Bag,OS,"$4,000",True,1.0,https://justinreed.com/collections/chrome-hearts/products/chrome-hearts-mochita-bag
Chrome Hearts,Mullet Head Pile Lined Flannel Shirt,M,"$4,700",True,1.0,https://justinreed.com/collections/chrome-hearts/products/chrome-hearts-mullet-head-pile-lined-shirt-555
Chrome Hearts,Embroidered Horseshoe Logo Beanie,OS,$550,True,1.0,https://justinreed.com/collections/chrome-hearts/products/chrome-hearts-embroidered-horseshoe-logo-beanie-456
Chrome Hearts,T-Bar Ribbed Tank Top,L,$300,True,1.0,https://justinreed.com/collections/chrome-hearts/products/chrome-hearts-t-bar-ribbed-tank-top-1
Chrome Hearts,Cross Patch Jeans,32,"$8,500",True,1.0,https://justinreed.com/collections/chrome-hearts/products/chrome-hearts-cross-patch-jeans-4566464533
Chrome Hearts,T-Bar Paper Wallet Chain,OS,"$4,200",True,1.0,https://justinreed.com/collections/chrome-hearts/products/chrome-hearts-t-bar-paper-wallet-chain-9
Chrome Hearts,Leather Belt Strap,36 (Fits 32-34 Waist),$700,True,1.0,https://justinreed.com/collections/chrome-hearts/products/chrome-hearts-leather-belt-strap-2342
Chrome Hearts,Deep I Sunglasses,OS,"$2,900",True,1.0,https://justinreed.com/collections/chrome-hearts/products/chrome-hearts-deep-i-sunglasses-1
Chrome Hearts,Baby Bitch Glasses,OS,"$1,800",True,1.0,https://justinreed.com/collections/chrome-hearts/products/chrome-hearts-baby-bitch-glasses
Chrome Hearts,Vintage Cross Patch Long Sleeve Thermal Shirt,M,"$1,400",True,1.0,https://justinreed.com/collections/chrome-hearts/products/vintage-cross-patch-long-sleeve-thermal-shirt
Chrome Hearts,Ribbed Tank,M,$400,True,1.0,https://justinreed.com/collections/chrome-hearts/products/ribbed-tank
Chrome Hearts,Mesh Varsity Shorts,S,$950,True,1.0,https://justinreed.com/collections/chrome-hearts/products/mesh-varsity-shorts
Chrome Hearts,Zip-Up Jacket,M,"$3,600",True,2.0,https://justinreed.com/collections/chrome-hearts/products/zip-up-jacket
Chrome Hearts,Plus Cross Swiss Army Knife Multi-Tool,OS,"$1,800",True,2.0,https://justinreed.com/collections/chrome-hearts/products/chrome-hearts-plus-cross-swiss-army-knife-multi-tool
Chrome Hearts,Living Proof III,OS,"$3,200",True,2.0,https://justinreed.com/collections/chrome-hearts/products/living-proof-iii
Chrome Hearts,Fuck Trucker Hat,OS,$350,True,2.0,https://justinreed.com/collections/chrome-hearts/products/fuck-trucker-hat
Chrome Hearts,Street Meat Zip Up Canvas Jacket,S,"$3,300",True,2.0,https://justinreed.com/collections/chrome-hearts/products/street-meat-zip-up-canvas-jacket
Chrome Hearts,New York Exclusive Scroll Logo T-Shirt,M,$500,True,2.0,https://justinreed.com/collections/chrome-hearts/products/new-york-exclusive-scroll-logo-t-shirt
Chrome Hearts,Plus Cross Seal Stamp Trucker Hat,OS,$450,True,2.0,https://justinreed.com/collections/chrome-hearts/products/plus-cross-seal-stamp-trucker-hat
Chrome Hearts,Flannel Shearling Collar Zip Up Jacket,XL,"$3,300",True,2.0,https://justinreed.com/collections/chrome-hearts/products/chrome-hearts-flannel-shearling-collar-zip-up-jacket-324211167
Chrome Hearts,Cemetery Cross Patch Trucker Hat,OS,$800,True,2.0,https://justinreed.com/collections/chrome-hearts/products/chrome-hearts-cemetery-cross-patch-trucker-hat-35251111
Chrome Hearts,Cross Patch Flared Jeans,24,"$7,500",True,2.0,https://justinreed.com/collections/chrome-hearts/products/chrome-hearts-cross-patch-flared-jeans-4566
Chrome Hearts,Long Zip Wallet,OS,"$1,100",True,2.0,https://justinreed.com/collections/chrome-hearts/products/chrome-hearts-long-zip-wallet-9
Chrome Hearts,Silver Embellished Wooden Jump Rope,OS,"$3,000",True,2.0,https://justinreed.com/collections/chrome-hearts/products/chrome-hearts-silver-embellished-wooden-jump-rope-55
Chrome Hearts,Star Embellished Western Cowboy Boots,M 8.5,"$4,000",True,2.0,https://justinreed.com/collections/chrome-hearts/products/chrome-hearts-star-embellished-western-cowboy-boots-456
Chrome Hearts,Camouflage Cemetery Cross T-Shirt,L,$400,True,2.0,https://justinreed.com/collections/chrome-hearts/products/chrome-hearts-camouflage-cemetery-cross-t-shirt-214
Chrome Hearts,Vintage Camouflage Plus Cross Logo T-Shirt,L,$300,True,2.0,https://justinreed.com/collections/chrome-hearts/products/chrome-hearts-vintage-camouflage-plus-cross-logo-t-shirt
Chrome Hearts,Matty Boy Chomper Side-Stripe Track Jacket,L,"$2,400",True,2.0,https://justinreed.com/collections/chrome-hearts/products/chrome-hearts-matty-boy-chomper-side-stripe-track-jacket
Chrome Hearts,Cross Patch Zip Wallet Small,OS,"$3,000",True,2.0,https://justinreed.com/collections/chrome-hearts/products/chrome-hearts-cross-patch-zip-wallet-small-4892
Chrome Hearts,Cross Patch Zip Wallet Medium,OS,"$3,800",True,2.0,https://justinreed.com/collections/chrome-hearts/products/chrome-hearts-cross-patch-zip-wallet-medium-9999
Chrome Hearts,Kids Cross Patch Beanie,OS,"$1,250",True,2.0,https://justinreed.com/collections/chrome-hearts/products/kids-cross-patch-beanie
Chrome Hearts,Kids Cross Patch Beanie,OS,"$1,250",True,2.0,https://justinreed.com/collections/chrome-hearts/products/chrome-hearts-kids-cross-patch-beanie23
Chrome Hearts,Hooded Denim Cross Patch Ruckus Pullover Jacket,XL,"$5,200",True,2.0,https://justinreed.com/collections/chrome-hearts/products/chrome-hearts-hooded-denim-cross-patch-ruckus-pullover-jacket-1
Chrome Hearts,CH Cross Patch Snapback,OS,"$1,100",True,2.0,https://justinreed.com/collections/chrome-hearts/products/chrome-hearts-ch-cross-patch-snapback
Chrome Hearts,Matty Boy Vans Slip On Sneakers,8.5,"$3,000",True,2.0,https://justinreed.com/collections/chrome-hearts/products/chrome-hearts-matty-boy-vans-slip-on-sneakers
Chrome Hearts,Foti Oolong Tea,OS,$250,True,2.0,https://justinreed.com/collections/chrome-hearts/products/chrome-hearts-foti-oolong-tea
Chrome Hearts,Silver and Diamond Tiny Fat Pendant on Tiny E Chain,OS,"$8,000",True,2.0,https://justinreed.com/collections/chrome-hearts/products/chrome-hearts-silver-and-diamond-tiny-fat-pendant-on-tiny-e-chain-496
Chrome Hearts,Suede Fleur Pants,0,"$3,000",True,2.0,https://justinreed.com/collections/chrome-hearts/products/chrome-hearts-suede-fleur-pants
Chrome Hearts,18k White Gold and Diamond Tiny Fat Pendant,OS,"$12,000",True,2.0,https://justinreed.com/collections/chrome-hearts/products/18k-white-gold-and-diamond-tiny-fat-pendant
Chrome Hearts,Tiny E Chain Necklace,OS,"$4,500",True,2.0,https://justinreed.com/collections/chrome-hearts/products/chrome-heartstiny-e-chain-necklace0099
Chrome Hearts,Pyramid Cross Bracelet,OS,"$3,000",True,2.0,https://justinreed.com/collections/chrome-hearts/products/chrome-hearts-pyramid-cross-bracelet1444
Chrome Hearts,Diamond Fleur Box Cuban ID,OS,"$6,000",True,2.0,https://justinreed.com/collections/chrome-hearts/products/chrome-hearts-diamond-fleur-box-cuban-id
Chrome Hearts,Large Scroll Bangle,OS,"$1,400",True,2.0,https://justinreed.com/collections/chrome-hearts/products/chrome-hearts-large-scroll-bangle1234
Chrome Hearts,Las Vegas Pocket T-Shirt,M,$250,True,2.0,https://justinreed.com/collections/chrome-hearts/products/chrome-hearts-las-vegas-pocket-t-shirt-222
Chrome Hearts,Script Logo Gradient Pocket T-Shirt,L,$250,True,2.0,https://justinreed.com/collections/chrome-hearts/products/chrome-hearts-script-logo-gradient-pocket-t-shirt
Chrome Hearts,Fuck You Pocket T-Shirt,M,$250,True,2.0,https://justinreed.com/collections/chrome-hearts/products/chrome-hearts-fuck-you-pocket-t-shirt-55
Chrome Hearts,Converse Star Patch Leather Chuck Taylor Sneakers,7,"$2,800",True,2.0,https://justinreed.com/collections/chrome-hearts/products/chrome-hearts-converse-star-patch-leather-chuck-taylor-sneakers
Chrome Hearts,Silver Embellished Straw Hat,M,"$2,000",True,2.0,https://justinreed.com/collections/chrome-hearts/products/chrome-hearts-silver-embellished-straw-hat-55
Chrome Hearts,Cross Five Pointed Star Silk Scarf,OS,$500,True,2.0,https://justinreed.com/collections/chrome-hearts/products/chrome-hearts-cross-five-pointed-star-silk-scarf-46
Chrome Hearts,Matty Boy Zip-Up Hoodie,L,"$1,100",True,2.0,https://justinreed.com/collections/chrome-hearts/products/chrome-hearts-matty-boy-zip-up-hoodie-2
Chrome Hearts,Campana Cross Pendant,OS,$700,True,2.0,https://justinreed.com/collections/chrome-hearts/products/chrome-hearts-campana-cross-pendant
Chrome Hearts,Leather Snat Pack,OS,"$2,700",True,2.0,https://justinreed.com/collections/chrome-hearts/products/chrome-hearts-leather-snat-pack-498
Chrome Hearts,Cross Patch Dog Bed,OS,"$18,000",True,2.0,https://justinreed.com/collections/chrome-hearts/products/chrome-hearts-cross-patch-dog-bed
Chrome Hearts,Hermes Lined Leather Belted Biker Jacket,M,"$11,000",True,2.0,https://justinreed.com/collections/chrome-hearts/products/chrome-hearts-hermes-lined-leather-belted-biker-jacket
Chrome Hearts,Wet Tee Sunglasses,OS,"$2,650",True,2.0,https://justinreed.com/collections/chrome-hearts/products/chrome-hearts-wet-tee-sunglasses958
Chrome Hearts,Lilith Sunglasses,OS,"$3,400",True,2.0,https://justinreed.com/collections/chrome-hearts/products/chrome-hearts-lilith-sunglasses44
Chrome Hearts,Bone Prone I,OS,"$1,400",True,2.0,https://justinreed.com/collections/chrome-hearts/products/chrome-hearts-bone-prone-i111
Chrome Hearts,Fanx Huney Diamond Eyeglasses,OS,"$1,800",True,2.0,https://justinreed.com/collections/chrome-hearts/products/chrome-hearts-fanx-huney-diamond-eyeglasses22
Chrome Hearts,Ebony Wood Plunger,OS,"$2,500",True,2.0,https://justinreed.com/collections/chrome-hearts/products/chrome-hearts-ebony-wood-plunger-555
Chrome Hearts,Oralgami Sunglasses,OS,"$1,600",True,2.0,https://justinreed.com/collections/chrome-hearts/products/chrome-hearts-oralgami-sunglasses12
Chrome Hearts,Cashmere Cross Patch Hoodie,XXL,"$4,200",True,2.0,https://justinreed.com/collections/chrome-hearts/products/chrome-hearts-cashmere-cross-patch-hoodie
Chrome Hearts,Tonal Cemetery Cross Pocket T-Shirt,L,$250,True,2.0,https://justinreed.com/collections/chrome-hearts/products/chrome-hearts-tonal-cemetery-cross-pocket-t-shirt
Chrome Hearts,Neck Logo Pocket T-Shirt,L,$390,True,3.0,https://justinreed.com/collections/chrome-hearts/products/chrome-hearts-neck-logo-pocket-t-shirt
Chrome Hearts,Gnarlin Sunglasses,OS,"$1,900",True,3.0,https://justinreed.com/collections/chrome-hearts/products/chrome-hearts-gnarlin-sunglasses
Chrome Hearts,Diamond Vagillionaire II Glasses,OS,"$5,400",True,3.0,https://justinreed.com/collections/chrome-hearts/products/chrome-hearts-diamond-vagillionaire-ii-glasses
Chrome Hearts,Johnson Sunglasses,OS,"$1,800",True,3.0,https://justinreed.com/collections/chrome-hearts/products/chrome-hearts-johnson-sunglasses
Chrome Hearts,IDHITIT Sunglasses,OS,"$2,800",True,3.0,https://justinreed.com/collections/chrome-hearts/products/chrome-hearts-idhitit-sunglasses
Chrome Hearts,Girth Quake Sunglasses,OS,"$2,800",True,3.0,https://justinreed.com/collections/chrome-hearts/products/chrome-hearts-girth-quake-sunglasses
Chrome Hearts,Keeper Ring,6 US (16.5 mm),"$2,000",True,3.0,https://justinreed.com/collections/chrome-hearts/products/chrome-hearts-keeper-ring-456654456
Chrome Hearts,Cemetery Cross Ring,9 US (19 mm),"$2,000",True,3.0,https://justinreed.com/collections/chrome-hearts/products/chrome-hearts-cemetery-cross-ring-5594523
Chrome Hearts,22k Gold and Diamond Baby Fat Pendant,OS,"$4,000",True,3.0,https://justinreed.com/collections/chrome-hearts/products/chrome-hearts-22k-gold-and-diamond-baby-fat-pendant36633
Chrome Hearts,Full Celtic Roller Belt,OS,"$14,000",True,3.0,https://justinreed.com/collections/chrome-hearts/products/chrome-hearts-full-celtic-roller-belt-2
Chrome Hearts,Mullet Head Pile Lined Flannel Shirt,S,"$4,500",True,3.0,https://justinreed.com/collections/chrome-hearts/products/chrome-hearts-mullet-head-pile-lined-shirt-1
Chrome Hearts,Embroidered Eye Chart Logo Pocket T-Shirt,S,$350,True,3.0,https://justinreed.com/collections/chrome-hearts/products/chrome-hearts-embroidered-eye-chart-logo-pocket-t-shirt
Chrome Hearts,Nylon Cross Patch Bucket Hat,OS,"$2,000",True,3.0,https://justinreed.com/collections/chrome-hearts/products/chrome-hearts-nylon-cross-patch-bucket-hat
Chrome Hearts,Star Patch Fleur Jeans,34,"$6,000",True,3.0,https://justinreed.com/collections/chrome-hearts/products/chrome-hearts-star-patch-fleur-jeans-2
Chrome Hearts,Blow Jay II Sunglasses,OS,$750,True,3.0,https://justinreed.com/collections/chrome-hearts/products/chrome-hearts-blow-jay-ii-sunglasses
Chrome Hearts,Cemetery Cross Patch Trucker Hat,OS,$700,True,3.0,https://justinreed.com/collections/chrome-hearts/products/chrome-hearts-cemetery-cross-patch-trucker-hat-2143
Chrome Hearts,Workn Padded Flannel Shirt Jacket,L,"$5,000",True,3.0,https://justinreed.com/collections/chrome-hearts/products/chrome-hearts-workn-padded-flannel-shirt-jacket-5
Chrome Hearts,Leather Chicken Nugget Dagger Bag,OS,"$7,000",True,3.0,https://justinreed.com/collections/chrome-hearts/products/chrome-hearts-leather-chicken-nugget-dagger-bag-2
Chrome Hearts,Ruby Dagger Ring,9.5 US (19.5mm),"$3,200",True,3.0,https://justinreed.com/collections/chrome-hearts/products/chrome-hearts-ruby-dagger-ring
Chrome Hearts,Diamond Keeper Ring,8.5 US (18.5mm),"$4,000",True,3.0,https://justinreed.com/collections/chrome-hearts/products/chrome-hearts-diamond-keeper-ring-5
Chrome Hearts,Blue Sapphire Keeper Ring,8.5 US (18.5mm),"$3,200",True,3.0,https://justinreed.com/collections/chrome-hearts/products/chrome-hearts-blue-sapphire-keeper-ring
Chrome Hearts,Miami Exclusive Baseball Hat,OS,$650,True,3.0,https://justinreed.com/collections/chrome-hearts/products/chrome-hearts-miami-exclusive-baseball-hat-67
Chrome Hearts,Cross Patch Baseball Hat,OS,"$1,000",True,3.0,https://justinreed.com/collections/chrome-hearts/products/chrome-hearts-cross-patch-baseball-hat-87
Chrome Hearts,Cross Patch Guayabera Shirt,M/L,"$2,700",True,3.0,https://justinreed.com/collections/chrome-hearts/products/chrome-hearts-cross-patch-guayabera-shirt-555
Chrome Hearts,Long Sleeve Staff Pocket T-Shirt,L,$400,True,3.0,https://justinreed.com/collections/chrome-hearts/products/chrome-hearts-long-sleeve-staff-pocket-t-shirt-11
Chrome Hearts,Workn Padded Flannel Shirt Jacket,S,"$5,000",True,3.0,https://justinreed.com/collections/chrome-hearts/products/chrome-hearts-workn-padded-flannel-shirt-jacket-6
Chrome Hearts,Leather Chicken Nugget Dagger Bag,OS,"$7,500",True,3.0,https://justinreed.com/collections/chrome-hearts/products/chrome-hearts-leather-chicken-nugget-dagger-bag-12425
Chrome Hearts,Filigree Cross Pendant with Bail,OS,"$3,000",True,3.0,https://justinreed.com/collections/chrome-hearts/products/chrome-hearts-filigree-cross-pendant-with-bail
Chrome Hearts,Grinds Cemetery Cross Tube Bag,OS,"$7,000",True,3.0,https://justinreed.com/collections/chrome-hearts/products/chrome-hearts-grinds-cemetery-cross-tube-bag
Chrome Hearts,Cemetery Ring,13 US (22 mm),"$2,000",True,3.0,https://justinreed.com/collections/chrome-hearts/products/chrome-hearts-cemetery-ring-7865
Chrome Hearts,22k Gold Baby Fat Diamond Cross Pendant,OS,"$4,500",True,3.0,https://justinreed.com/collections/chrome-hearts/products/chrome-hearts-22k-gold-baby-fat-diamond-cross-pendant
Chrome Hearts,Embroidered Hotel Slippers,XS,$700,True,3.0,https://justinreed.com/collections/chrome-hearts/products/chrome-hearts-embroidered-hotel-slippers
Chrome Hearts,Matty Boy Nylon Bomber Jacket,S,"$3,800",True,3.0,https://justinreed.com/collections/chrome-hearts/products/chrome-hearts-matty-boy-nylon-bomber-jacket-12
Chrome Hearts,Gunslinger Fleur Backpack,OS,"$6,490",True,3.0,https://justinreed.com/collections/chrome-hearts/products/chrome-hearts-gunslinger-backpack-123
Chrome Hearts,Cross Patch Plaid Gunslinger Moto Backpack,OS,"$11,850",True,3.0,https://justinreed.com/collections/chrome-hearts/products/chrome-hearts-cross-patch-plaid-gunslinger-moto-backpack
Chrome Hearts,Matty Boy Chomper Patch Corduroy Cowboy Hat,M,"$3,500",True,3.0,https://justinreed.com/collections/chrome-hearts/products/chrome-hearts-matty-boy-chomper-patch-corduroy-cowboy-hat
Chrome Hearts,Plus Cross Patch Star Motif Board Shorts,31,"$1,200",True,3.0,https://justinreed.com/collections/chrome-hearts/products/chrome-hearts-plus-cross-patch-star-motif-board-shorts
Chrome Hearts,Japan Exclusive Cross Patch Board Shorts,31,"$4,950",True,3.0,https://justinreed.com/collections/chrome-hearts/products/chrome-hearts-cross-patch-board-shorts-123
Chrome Hearts,Plus Ball Bead Bracelet,4mm,$550,True,3.0,https://justinreed.com/collections/chrome-hearts/products/chrome-hearts-plus-ball-bead-bracelet-123
Chrome Hearts,Chomper Raglan Short Sleeve Sweatshirt,L,$400,True,3.0,https://justinreed.com/collections/chrome-hearts/products/chrome-hearts-chomper-short-sleeve-raglan-t-shirt2
Chrome Hearts,Levi's Cross Patch Jeans,34,"$7,500",True,3.0,https://justinreed.com/collections/chrome-hearts/products/chrome-hearts-levis-cross-patch-jeans-1111111
Chrome Hearts,Vine Dagger Crewneck,L,$450,True,3.0,https://justinreed.com/collections/chrome-hearts/products/chrome-hearts-vine-dagger-crewneck
Chrome Hearts,Off-White Chicago Pocket T-Shirt,XL,$550,True,3.0,https://justinreed.com/collections/chrome-hearts/products/chrome-hearts-off-white-chicago-pocket-t-shirt
Chrome Hearts,Chomper Patch Trucker Hat,OS,$650,True,3.0,https://justinreed.com/collections/chrome-hearts/products/chrome-hearts-chomper-patch-trucker-hat-123
Chrome Hearts,Padded Canvas Work Dog Shirt,S,"$2,800",True,3.0,https://justinreed.com/collections/chrome-hearts/products/chrome-hearts-padded-canvas-work-dog-shirt
Chrome Hearts,Matty Boy Caution Pocket T-Shirt,L,$450,True,3.0,https://justinreed.com/collections/chrome-hearts/products/chrome-hearts-matty-boy-caution-pocket-t-shirt-123
Chrome Hearts,'Fuck You' Striped Socks,US 6-9,$150,True,3.0,https://justinreed.com/collections/chrome-hearts/products/chrome-hearts-fuck-you-striped-socks-8
Chrome Hearts,'Fuck You' Striped Socks,US 6-9,$150,True,3.0,https://justinreed.com/collections/chrome-hearts/products/chrome-hearts-fuck-you-striped-socks-6
Chrome Hearts,Sample Monogram Flannel Shirt,S,"$2,500",True,3.0,https://justinreed.com/collections/chrome-hearts/products/chrome-hearts-sample-monogram-flannel-shirt
Chrome Hearts,Camouflage Cemetery Cross Patch Shoulder Bag,OS,"$2,500",True,3.0,https://justinreed.com/collections/chrome-hearts/products/chrome-hearts-camouflage-cemetery-cross-patch-shoulder-bag
Chrome Hearts,Matty Boy Lust T-Shirt,XXL,$400,True,4.0,https://justinreed.com/collections/chrome-hearts/products/chrome-hearts-matty-boy-lust-t-shirt-43
Chrome Hearts,Rick Owens Hun Silver-Embellished Chinchilla-Fur Bag,OS,"$10,000",True,4.0,https://justinreed.com/collections/chrome-hearts/products/chrome-hearts-rick-owens-hun-silver-embellished-chinchilla-fur-bag
Chrome Hearts,Sex Records Shopping Basket,OS,$800,True,4.0,https://justinreed.com/collections/chrome-hearts/products/chrome-hearts-sex-records-shopping-basket
Chrome Hearts,Silver Screwdriver,OS,"$4,500",True,4.0,https://justinreed.com/collections/chrome-hearts/products/chrome-hearts-silver-screwdriver-123
Chrome Hearts,Money Clip,OS,"$1,400",True,4.0,https://justinreed.com/collections/chrome-hearts/products/chrome-hearts-money-clip4
Chrome Hearts,Off White Los Angeles Horseshoe Pocket T-Shirt,L,$550,True,4.0,https://justinreed.com/collections/chrome-hearts/products/chrome-hearts-off-white-los-angeles-horseshoe-pocket-t-shirt12
Chrome Hearts,Wooden Crate,OS,"$8,000",True,4.0,https://justinreed.com/collections/chrome-hearts/products/chrome-hearts-wooden-crate
Chrome Hearts,Dagger Pocket Sweatpants,S,$610,True,4.0,https://justinreed.com/collections/chrome-hearts/products/chrome-hearts-dagger-pocket-sweatpants444
Chrome Hearts,Leather and Cashmere Zip Up Hoodie,M,"$3,420",True,4.0,https://justinreed.com/collections/chrome-hearts/products/chrome-hearts-leather-and-cashmere-zip-up-hoodie454
Chrome Hearts,Reversible Mesh Jersey,L,$850,True,4.0,https://justinreed.com/collections/chrome-hearts/products/chrome-hearts-reversible-mesh-jersey-325
Chrome Hearts,Children's Spellout Leggings,8Y,$250,True,4.0,https://justinreed.com/collections/chrome-hearts/products/chrome-hearts-childrens-spellout-leggings
Chrome Hearts,Children's Scroll Logo Zip Up Hoodie,8Y,$400,True,4.0,https://justinreed.com/collections/chrome-hearts/products/childrens-scroll-logo-zip-up-hoodie
Chrome Hearts,Vertical Logo Zip Up Hoodie,L,$800,True,4.0,https://justinreed.com/collections/chrome-hearts/products/chrome-hearts-vertical-logo-zip-up-hoodie-52
Chrome Hearts,Fleur Knee Leather Pants,31SR,"$5,390",True,4.0,https://justinreed.com/collections/chrome-hearts/products/chrome-hearts-fleur-knee-leather-pants-10
Chrome Hearts,Matty Boy Chain Link T-Shirt,XXL,$500,True,4.0,https://justinreed.com/collections/chrome-hearts/products/chrome-hearts-matty-boy-chain-link-t-shirt
Chrome Hearts,Monogram Horseshoe Logo Sweatpants,M,$800,True,4.0,https://justinreed.com/collections/chrome-hearts/products/chrome-hearts-monogram-horseshoe-logo-sweatpants-12
Chrome Hearts,Fur and Leather Tote,OS,"$4,250",True,4.0,https://justinreed.com/collections/chrome-hearts/products/chrome-hearts-mink-and-leather-tote65641
Chrome Hearts,Dagger Logo Pocket T-Shirt,XL,$400,True,4.0,https://justinreed.com/collections/chrome-hearts/products/chrome-hearts-dagger-logo-pocket-t-shirt834984739
Chrome Hearts,Long Sleeve Pocket T-Shirt,L,$350,True,4.0,https://justinreed.com/collections/chrome-hearts/products/chrome-hearts-long-sleeve-pocket-t-shirt548949878948
Chrome Hearts,Hollywood Trucker Hat,OS,$400,True,4.0,https://justinreed.com/collections/chrome-hearts/products/chrome-hearts-hollywood-trucker-hat16652114
Chrome Hearts,Cemetery Cross Patch Trucker Hat,OS,"$1,100",True,4.0,https://justinreed.com/collections/chrome-hearts/products/chrome-hearts-cemetery-cross-patch-trucker-hat-6
Chrome Hearts,Leather & Ebony Wood Three-Seat Sofa,OS,"$60,000",True,4.0,https://justinreed.com/collections/chrome-hearts/products/chrome-hearts-leather-ebony-wood-three-seat-sofa
Chrome Hearts,Pair of Leather Fleur De Lis Lounge Chairs & Ottomans Set,OS,"$65,000",True,4.0,https://justinreed.com/collections/chrome-hearts/products/chrome-hearts-leather-fleur-de-lis-lounge-chairs-ottomans-set
Chrome Hearts,Camouflage Cargo Pants,29,"$5,200",True,4.0,https://justinreed.com/collections/chrome-hearts/products/chrome-hearts-camouflage-cargo-pants-6
Chrome Hearts,Cross Patch Cow Slides,8.5,"$1,600",True,4.0,https://justinreed.com/collections/chrome-hearts/products/cross-patch-cow-slides
Chrome Hearts,Leather Cargo Pants,32,"$10,500",True,4.0,https://justinreed.com/collections/chrome-hearts/products/chrome-hearts-leather-cargo-pants-1
Chrome Hearts,Big Delphino Foti Wallet Chain,OS,"$12,500",True,4.0,https://justinreed.com/collections/chrome-hearts/products/chrome-hearts-big-delphino-foti-wallet-chain-2
Chrome Hearts,Nylon Leather Double Knee Shorts,31,"$2,600",True,4.0,https://justinreed.com/collections/chrome-hearts/products/chrome-hearts-nylon-leather-double-knee-shorts-1
Chrome Hearts,Shearling Leather Vest,S,$900,True,4.0,https://justinreed.com/collections/chrome-hearts/products/chrome-hearts-shearling-leather-vest
Chrome Hearts,Cross Patch Baseball Hat,OS,"$1,100",True,4.0,https://justinreed.com/collections/chrome-hearts/products/chrome-hearts-cross-patch-baseball-hat-20
Chrome Hearts,Ebony Wood Maltese Cross Coffee Table,OS,"$90,000",True,4.0,https://justinreed.com/collections/chrome-hearts/products/chrome-hearts-ebony-wood-maltese-cross-coffee-table
Chrome Hearts,6 Foot Pressed Ebony Wood Cross,OS,"$80,000",True,4.0,https://justinreed.com/collections/chrome-hearts/products/chrome-hearts-6-pressed-ebony-wood-cross
Chrome Hearts,Ebony Wood Filigree Dining Room Chair,OS,"$50,000",True,4.0,https://justinreed.com/collections/chrome-hearts/products/chrome-hearts-ebony-wood-filigree-dining-room-chair
Chrome Hearts,Leather Cross Patch Lounge Chair & Ottoman Set,OS,"$60,000",True,4.0,https://justinreed.com/collections/chrome-hearts/products/chrome-hearts-leather-cross-patch-lounge-chair-ottoman-set-1
Chrome Hearts,Hoop Earrings,OS,"$4,500",True,4.0,https://justinreed.com/collections/chrome-hearts/products/chrome-hearts-hoop-earrings
Chrome Hearts,Star Patch Levi's Jeans,29,"$5,500",True,4.0,https://justinreed.com/collections/chrome-hearts/products/chrome-hearts-star-patch-levis-jeans
Chrome Hearts,Short Sleeve Flannel Zip Up Shirt,M,"$1,150",True,4.0,https://justinreed.com/collections/chrome-hearts/products/chrome-hearts-short-sleeve-flannel-zip-up-shirt-2
Chrome Hearts,Short Sleeve Flannel Zip Up Shirt,M,"$1,150",True,4.0,https://justinreed.com/collections/chrome-hearts/products/chrome-hearts-short-sleeve-flannel-zip-up-shirt-1
Chrome Hearts,Mini Cow Print Backpack,OS,"$8,250",True,4.0,https://justinreed.com/collections/chrome-hearts/products/chrome-hearts-mini-cow-print-backpack
Chrome Hearts,HBT Puffer Jacket,M,"$5,000",True,4.0,https://justinreed.com/collections/chrome-hearts/products/chrome-hearts-hbt-puffer-jacket
Chrome Hearts,Crocodile Long Zip Wallet,OS,"$5,390",True,4.0,https://justinreed.com/collections/chrome-hearts/products/chrome-hearts-long-zip-wallet
Chrome Hearts,4th of July CH Hollywood Trucker Hat,OS,$425,True,4.0,https://justinreed.com/collections/chrome-hearts/products/chrome-hearts-4th-of-july-ch-hollywood-trucker-hat-2
Chrome Hearts,Matty Boy 99 Eyes Chomper Slides,43 EU (10 US),"$1,800",True,4.0,https://justinreed.com/collections/chrome-hearts/products/chrome-hearts-matty-boy-99-eyes-chomper-slides
Chrome Hearts,Star Patch Fleur Jeans,36,"$6,500",True,4.0,https://justinreed.com/collections/chrome-hearts/products/chrome-hearts-star-patch-fleur-jeans
Chrome Hearts,Scroll Pocket T-Shirt,L,$275,True,4.0,https://justinreed.com/collections/chrome-hearts/products/chrome-hearts-scroll-pocket-t-shirt
Chrome Hearts,Spacer Ring,3 US,$250,True,4.0,https://justinreed.com/collections/chrome-hearts/products/chrome-hearts-spacer-ring-2
Chrome Hearts,Suede Zip Jacket,S,"$2,000",True,4.0,https://justinreed.com/collections/chrome-hearts/products/chrome-hearts-suede-zip-jacket
Chrome Hearts,Turbo Diesel Wash Jeans,32,"$3,500",True,4.0,https://justinreed.com/collections/chrome-hearts/products/chrome-hearts-turbo-diesel-wash-jeans
Chrome Hearts,Matty Boy Brain New Cargo Shorts,L,"$1,000",True,4.0,https://justinreed.com/collections/chrome-hearts/products/chrome-hearts-matty-boy-brain-stain-cargo-shorts
Chrome Hearts,Bella Hadid Plus Cross Choker Chain Necklace,OS,"$3,000",True,4.0,https://justinreed.com/collections/chrome-hearts/products/chrome-hearts-plus-cross-choker-chain-necklace-1
